Station,Latitude,Longitude,Elevation,NZS1170SiteClass,Vs30,Sigmaln_Vs30,Q_Vs30,Vs30_Ref,T_median,sigmaln_T,Q_T,D_T,T_Ref,Z1.0_median,sigmaln_Z1.0,Q_Z1.0,Z1.0_Bedrock,Z1.0_Ref,Z2.5_median,sigmaln_Z2.5,Q_Z2.5,Z2.5_Ref,Reference_site,TopoT_median,Deeprock_T,District,,,,,,,,,,,,,,,,,
014A,-39.49995332,176.8754973,20,D,176,0.05,Q1,Stolte et al. 2021 unpublished,1.1,0.1,Q1,I,Manea et al. 2021 unpublished,118,0.5,Q3,1,Kaiser et al. (2017) & NZVM (2021),6475,0.5,Q3,NZVM (2021),0,0,0,Hawkes Bay,,,,,,,,,,,,,,,,,
015A,-39.48905314,176.8981976,60,C,440,0.1,Q2,Stolte et al. 2021 unpublished,0.05,0.3,Q3,I,Kaiser et al. (2017),58,0.5,Q3,1,Kaiser et al. (2017) & NZVM (2021),6675,0.5,Q3,NZVM (2021),0,0,0,Hawkes Bay,,,,,,,,,,,,,,,,,
016A,-38.6774391,178.0310143,122,C,480,0.2,Q3,McVerry (2011),0.15,0.3,Q3,I,McVerry (2011),10,0.5,Q3,1,Kaiser et al. (2017),10175,0.5,Q3,NZVM (2021),0,0,0,Gisborne,,,,,,,,,,,,,,,,,
017A,-38.66623886,178.0227143,5,D,162,0.0108,Q1,Stolte et al. 2021 unpublished,0.9061,0.0969,Q1,Ms,Stolte et al. 2021 unpublished,120,0.0723,Q2,1,Stolte et al. (2021) unpublished,10125,0.5,Q3,NZVM (2021),0,0,0,Gisborne,,,,,,,,,,,,,,,,,
018A,-38.66403882,178.0249143,5,E,138,0.1,Q2,Barker 1994 Kingma 1964,1.11,0.1,Q1,Ms,Stolte et al. 2021 unpublished,78,0.5,Q3,1,Kaiser et al. (2017) & NZVM (2021),10175,0.5,Q3,NZVM (2021),0,0,0,Gisborne,,,,,,,,,,,,,,,,,
024A,-39.05703788,174.0739644,9,D,350,0.2,Q3,McVerry (2011),0.9,0.3,Q3,I,McVerry (2011),98,0.5,Q3,1,Kaiser et al. (2017) & NZVM (2021),1475,0.5,Q3,NZVM (2021),0,0,0,Taranaki,,,,,,,,,,,,,,,,,
025A,-39.58494918,174.2734648,100,D,210,0.1,Q2,Barker 1997a,0.6,0.2,Q2,Ms,Unpub HVSR (Van Houtte),49,0.5,Q2,1,Kaiser et al. (2017) & NZVM (2021),1425,0.5,Q3,NZVM (2021),0,0,0,Taranaki,,,,,,,,,,,,,,,,,
027A,-39.50455346,176.8959975,14,D,230,0.0176,Q2,Stolte et al. 2021 unpublished,0.87,0.2,Q2,I,Stolte et al. 2021 unpublished,163,0.5,Q3,1,Kaiser et al. (2017) & NZVM (2021),6525,0.5,Q3,NZVM (2021),0,0,0,Hawkes Bay,,,,,,,,,,,,,,,,,
027C,-39.50455346,176.8959975,14,D,230,0.0176,Q2,Stolte et al. 2021 unpublished,0.87,0.2,Q2,I,Stolte et al. 2021 unpublished,163,0.5,Q3,1,Kaiser et al. (2017) & NZVM (2021),6525,0.5,Q3,NZVM (2021),0,0,0,Hawkes Bay,,,,,,,,,,,,,,,,,
027F,-39.48855318,176.9189979,10,C,268,0.2,Q3,McVerry (2011),0.34,0.1,Q1,I,Stolte et al. 2022a,115,0.5,Q3,1,NZVM (2021),6625,0.5,Q3,NZVM (2021),0,0,0,Hawkes Bay,,,,,,,,,,,,,,,,,
027G,-39.48855318,176.9189979,10,C,268,0.2,Q3,McVerry (2011),0.34,0.1,Q1,I,Stolte et al. 2022a,115,0.5,Q3,1,NZVM (2021),6625,0.5,Q3,NZVM (2021),0,0,0,Hawkes Bay,,,,,,,,,,,,,,,,,
029A,-39.64545628,176.8429964,10,D,196,0.0204,Q1,Stolte et al. 2021 unpublished,3.32,0.17,Q2,I,Stolte et al. 2021 unpublished,97,0.465,Q2,0,Stolte et al. (2021) unpublished,5175,0.5,Q3,NZVM (2021),0,0,0,Hawkes Bay,,,,,,,,,,,,,,,,,
032A,-39.94246199,176.5873921,140,C,495,0.2,Q3,McVerry (2011),0.13,0.3,Q3,I,McVerry (2011),10,0.5,Q3,1,Kaiser et al. (2017),2875,0.5,Q3,NZVM (2021),0,0,0,Hawkes Bay,,,,,,,,,,,,,,,,,
033A,-40.20876664,176.098485,207,C,367,0.2,Q3,McVerry (2011),0.33,0.3,Q3,I,McVerry (2011),30,0.5,Q3,1,Kaiser et al. (2017),275,0.5,Q3,NZVM (2021),0,0,0,Hawkes Bay,,,,,,,,,,,,,,,,,
033C,-40.21026666,176.095485,203,C,403,0.2,Q3,McVerry (2011),0.22,0.3,Q3,I,McVerry (2011),20,0.5,Q3,1,Kaiser et al. (2017),275,0.5,Q3,NZVM (2021),0,0,0,Hawkes Bay,,,,,,,,,,,,,,,,,
034A,-40.39827123,176.313987,135,B,800,0.2,Q3,Cousins et al. (2006),0.05,0.3,Q3,I,NSHM (2021),3,0.5,Q3,1,Kaiser et al. (2017),325,0.5,Q3,NZVM (2021),0,0,0,Hawkes Bay,,,,,,,,,,,,,,,,,
039D,-40.94828199,175.6596767,108,D,314,0.2,Q3,McVerry (2011),1,0.3,Q3,I,McVerry (2011),83,0.5,Q3,1,Kaiser et al. (2017) & NZVM (2021),325,0.5,Q3,NZVM (2021),0,0,0,Wellington,,,,,,,,,,,,,,,,,
039E,-40.94828199,175.6596767,108,D,314,0.2,Q3,McVerry (2011),1,0.3,Q3,I,McVerry (2011),83,0.5,Q3,1,Kaiser et al. (2017) & NZVM (2021),325,0.5,Q3,NZVM (2021),0,0,0,Wellington,,,,,,,,,,,,,,,,,
040A,-41.57629542,175.2268686,11,C,511,0.2,Q3,NSHM 2021,0.08,0.3,Q3,I,McVerry (2011),7,0.5,Q3,1,Kaiser et al. (2017),2575,0.5,Q3,NZVM (2021),0,0,0,Wellington,,,,,,,,,,,,,,,,,
042A,-42.52331224,172.8304338,368,D,280,0.2,Q3,Commercial Client - Hamner,0.9,0.2,Q2,Mw,Unpub HVSR (Van Houtte),195,0.3,Q3,1,Kaiser et al. (2017) & NZVM (2021),325,0.3,Q3,NZVM (2021),0,0,0,Canterbury,,,,,,,,,,,,,,,,,
044A,-45.89839582,170.5092855,19,E,140,0.1,Q2,Barker 1996,0.7,0.1,Q1,I,Sangster 2020,50,0.3,Q3,1,Kaiser et al. (2017) & NZVM (2021),325,0.3,Q3,NZVM (2021),0,0,0,Otago,,,,,,,,,,,,,,,,,
046A,-41.27108366,173.2831453,3,D,335,0.2,Q3,Tracey & Wotherspoon (2021),0.7,0.2,Q2,Mw,Unpub HVSR (Kaiser),50,0.3,Q3,0,Kaiser et al. (2017),1625,0.3,Q3,NZVM (2021),0,0,0,Nelson,,,,,,,,,,,,,,,,,
048C,-41.51379094,173.9571528,4,D,235,0.2,Q3,McVerry (2011),3.2,0.2,Q2,I,Wotherspoon unpublished,95,0.597,Q2,0,Stolte et al. 2021 unpublished,1175,0.3,Q3,NZVM (2021),0,0,0,Marlborough,,,,,,,,,,,,,,,,,
048D,-41.51379094,173.9571528,4,D,235,0.2,Q3,McVerry (2011),3.2,0.2,Q2,I,Wotherspoon unpublished,95,0.597,Q2,0,Stolte et al. 2021 unpublished,1175,0.3,Q3,NZVM (2021),0,0,0,Marlborough,,,,,,,,,,,,,,,,,
050A,-41.12457961,173.0096425,4,D,300,0.2,Q3,McVerry (2011),2,0.2,Q2,I,Manea et al. 2021 unpublished,373,0.3,Q3,1,Kaiser et al. (2017) & NZVM (2021),475,0.3,Q3,NZVM (2021),0,0,0,Nelson,,,,,,,,,,,,,,,,,
051B,-41.75549051,171.5989218,5,D,300,0.2,Q3,McVerry (2011),2.8,0.2,Q2,Mw,Unpub HVSR (Van Houtte),85,0.5,Q3,1,Kaiser et al. (2017) & NZVM (2021),375,0.5,Q3,NZVM (2021),0,0,0,Nelson,,,,,,,,,,,,,,,,,
051D,-41.75549051,171.5989218,5,D,300,0.2,Q3,McVerry (2011),2.8,0.2,Q2,Mw,Unpub HVSR (Van Houtte),85,0.5,Q3,1,Kaiser et al. (2017) & NZVM (2021),375,0.5,Q3,NZVM (2021),0,0,0,Nelson,,,,,,,,,,,,,,,,,
052A,-42.11659981,171.8604234,189,C,333,0.2,Q3,McVerry (2011),0.3,0.3,Q3,I,McVerry (2011),48,0.5,Q3,1,Kaiser et al. (2017) & NZVM (2021),325,0.5,Q3,NZVM (2021),0,0,0,Nelson,,,,,,,,,,,,,,,,,
053A,-42.3786074,172.3329281,586,C,391,0.2,Q3,McVerry (2011),0.27,0.3,Q3,I,McVerry (2011),38,0.3,Q3,1,Kaiser et al. (2017) & NZVM (2021),325,0.3,Q3,NZVM (2021),0,0,0,Nelson,,,,,,,,,,,,,,,,,
056A,-41.27578377,173.2851453,7,C,340,0.2,Q3,Tracey & Wotherspoon (2021),0.07,0.3,Q3,I,McVerry (2011),50,0.3,Q3,1,Tracey & Wotherspoon (2021),675,0.3,Q3,NZVM (2021),0,0,0,Nelson,,,,,,,,,,,,,,,,,
057A,-42.71781202,170.9643089,6,D,278,0.2,Q3,McVerry (2011),1.1,0.3,Q3,I,Unpub HVSR (Van Houtte),88,0.5,Q3,1,Kaiser et al. (2017) & NZVM (2021),2225,0.5,Q3,NZVM (2021),0,0,0,Westland,,,,,,,,,,,,,,,,,
070A,-45.41637366,167.7192512,212,D,298,0.2,Q3,McVerry (2011),2.7,0.1,Q1,I,Manea et al. 2021 unpublished,200,0.5,Q3,1,Kaiser et al. (2017),1325,0.5,Q3,NZVM (2021),0,0,0,Southland,,,,,,,,,,,,,,,,,
075A,-46.23420328,169.738873,4,D,400,0.2,Q3,Cousins et al. (2006),0.6,0.3,Q3,I,Cousins et al. (1996),63,0.3,Q3,1,Kaiser et al. (2017) & NZVM (2021),375,0.3,Q3,NZVM (2021),0,0,0,Otago,,,,,,,,,,,,,,,,,
081A,-38.98874056,175.8059859,375,D,200,0.2,Q3,McVerry (2011),2.3,0.3,Q3,I,McVerry (2011),143,0.5,Q3,1,Kaiser et al. (2017) & NZVM (2021),1375,0.5,Q3,NZVM (2021),0,0,0,Wellington,,,,,,,,,,,,,,,,,
083A,-41.83109247,171.6606222,20,B,1000,0.2,Q3,NSHM 2021,0.05,0.3,Q3,I,Kaiser et al. 2017,15,0.3,Q3,1,NSHM (2021) ,375,0.5,Q3,NZVM (2021),1,0,0,Nelson,,,,,,,,,,,,,,,,,
085D,-38.11352569,176.8169014,29,C,350,0.2,Q3,Kaiser et al. 2017,0.33,0.3,Q3,I,Kaiser et al. 2017,15,0.2,Q3,1,Cousins et al. (1988),625,0.5,Q3,NZVM (2021),0,0,0,South Auckland,,,,,,,,,,,,,,,,,
085M,-38.11300868,176.8168764,20,C,350,0.2,Q3,Kaiser et al. 2017,0.33,0.3,Q3,I,Kaiser et al. 2017,15,0.2,Q3,1,Cousins et al. (1988),625,0.5,Q3,NZVM (2021),0,0,0,South Auckland,,,,,,,,,,,,,,,,,
085N,-38.11311168,176.8147154,20,C,350,0.2,Q3,Kaiser et al. 2017,0.33,0.3,Q3,I,Kaiser et al. 2017,15,0.2,Q3,1,Cousins et al. (1988),625,0.5,Q3,NZVM (2021),0,0,0,South Auckland,,,,,,,,,,,,,,,,,
087B,-39.71655398,175.139675,41,B,800,0.2,Q3,NSHM 2021,0.05,0.3,Q3,I,Kaiser et al. 2017,0,0.5,Q3,1,Kaiser et al. (2017),675,0.5,Q3,NZVM (2021),0,0,0,Wellington,,,,,,,,,,,,,,,,,
089A,-44.69465812,169.1430744,304,D,326,0.2,Q3,McVerry (2011),3.4,0.1,Q1,I,Manea et al. 2021 unpublished,253,0.3,Q3,1,Kaiser et al. (2017) & NZVM (2021),275,0.3,Q3,NZVM (2021),0,0,0,Otago,,,,,,,,,,,,,,,,,
096A,-39.03374495,177.4235057,20,E,155,0.1,Q2,Barker 1994,1.5,0.3,Q3,I,Cousins et al. (1996),98,0.5,Q3,1,Kaiser et al. (2017) & NZVM (2021),8725,0.5,Q3,NZVM (2021),0,0,0,Hawkes Bay,,,,,,,,,,,,,,,,,
103A,-42.33380591,172.1806264,435,C,465,0.2,Q3,McVerry (2011),0.23,0.3,Q3,I,Unpub HVSR (Van Houtte),58,0.3,Q3,1,Kaiser et al. (2017) & NZVM (2021),325,0.3,Q3,NZVM (2021),0,0,0,Nelson,,,,,,,,,,,,,,,,,
113A,-37.87352279,177.5847115,29,C,522,0.2,Q3,McVerry (2011),0.15,0.3,Q3,I,McVerry (2011),33,0.5,Q3,1,Kaiser et al. (2017) & NZVM (2021),275,0.5,Q3,NZVM (2021),0,0,0,Gisborne,,,,,,,,,,,,,,,,,
114A,-40.18046453,175.4304768,99,D,387,0.2,Q3,McVerry (2011),1,0.3,Q3,I,McVerry (2011),83,0.5,Q3,1,Kaiser et al. (2017) & NZVM (2021),375,0.5,Q3,NZVM (2021),0,0,0,Wellington,,,,,,,,,,,,,,,,,
118B,-45.03866779,169.2192734,196,C,520,0.2,Q3,McVerry (2011),0.3,0.3,Q3,I,McVerry (2011),48,0.3,Q3,1,Kaiser et al. (2017) & NZVM (2021),275,0.3,Q3,NZVM (2021),0,0,0,Otago,,,,,,,,,,,,,,,,,
120A,-40.33496887,175.8681817,91,D,290,0.2,Q3,McVerry (2011),1.8,0.11,Q2,I,Unpub HVSR (Van Houtte),83,0.5,Q3,1,Kaiser et al. (2017) & NZVM (2021),275,0.5,Q3,NZVM (2021),0,0,0,Hawkes Bay,,,,,,,,,,,,,,,,,
122A,-41.80249356,172.3248308,164,D,500,0.2,Q3,McVerry (2011),1.6,0.3,Q3,I,Unpub HVSR (Van Houtte),213,0.3,Q3,1,Kaiser et al. (2017) & NZVM (2021),375,0.3,Q3,NZVM (2021),0,0,0,Nelson,,,,,,,,,,,,,,,,,
123A,-41.08329987,175.1445516,119,C,506,0.2,Q3,NSHM 2021,0.13,0.3,Q3,I,McVerry (2011),10,0.3,Q3,1,Kaiser et al. (2017),325,0.3,Q3,NZVM (2021),0,0,0,Wellington,,,,,,,,,,,,,,,,,
129A,-41.79999351,172.3271308,166,D,500,0.2,Q3,McVerry (2011),1.9,0.1,Q1,Mw,Manea et al. 2021 unpublished,233,0.3,Q3,1,Kaiser et al. (2017) & NZVM (2021),375,0.3,Q3,NZVM (2021),0,0,0,Nelson,,,,,,,,,,,,,,,,,
130B,-41.6695927,173.2029425,362,D,367,0.2,Q3,McVerry (2011),0.85,0.3,Q3,I,McVerry (2011),178,0.3,Q3,1,Kaiser et al. (2017) & NZVM (2021),275,0.3,Q3,NZVM (2021),0,0,0,Marlborough,,,,,,,,,,,,,,,,,
132A,-41.29748792,174.7809641,5,C,245,0.1,Q2,McVerry (2011),0.52,0.2,Q2,I,Kaiser et al. 2019,48,0.1,Q2,1,Hill et al. (2021),325,0.3,Q3,NZVM (2021),0,0,0,Wellington,,,,,,,,,,,,,,,,,
225B,-39.03384495,177.4235057,20,E,155,0.1,Q2,Barker 1994,1.5,0.3,Q3,I,Cousins et al. (1996),98,0.5,Q3,1,Kaiser et al. (2017) & NZVM (2021),8725,0.5,Q3,NZVM (2021),0,0,0,Hawkes Bay,,,,,,,,,,,,,,,,,
249A,-41.2349868,174.9170661,4,C,350,0.1,Q2,Cousins et al. (2006),0.35,0.2,Q2,Mu,Cousins et al. (1996),63,0.3,Q3,1,Kaiser et al. (2017) & NZVM (2021),275,0.3,Q3,NZVM (2021),0,0,0,Wellington,,,,,,,,,,,,,,,,,
257A,-41.11017929,173.0118426,5,D,210,0.2,Q3,Cousins et al. (2006),2,0.3,Q3,I,Cousins et al. (1996),353,0.3,Q3,1,Kaiser et al. (2017) & NZVM (2021),425,0.3,Q3,NZVM (2021),0,0,0,Nelson,,,,,,,,,,,,,,,,,
259A,-41.27108366,173.2832453,3,D,335,0.2,Q3,Tracey & Wotherspoon (2021),0.7,0.2,Q2,Mw,Unpub HVSR (Kaiser),50,0.3,Q3,1,Kaiser et al. (2017),1625,0.3,Q3,NZVM (2021),0,0,0,Nelson,,,,,,,,,,,,,,,,,
262A,-41.28888587,174.0082544,2,C,400,0.2,Q3,McVerry (2011),0.27,0.3,Q3,I,McVerry (2011),43,0.5,Q3,1,Kaiser et al. (2017) & NZVM (2021),325,0.5,Q3,NZVM (2021),0,0,0,Marlborough,,,,,,,,,,,,,,,,,
264A,-41.54358894,172.881539,290,D,390,0.2,Q3,McVerry (2011),1.3,0.3,Q3,I,McVerry (2011),200,0.3,Q3,1,Kaiser et al. (2017),875,0.3,Q3,NZVM (2021),0,0,0,Nelson,,,,,,,,,,,,,,,,,
265A,-41.80219354,172.3182307,162,D,280,0.2,Q3,McVerry (2011),2.3,0.3,Q3,I,McVerry (2011),158,0.3,Q3,1,Kaiser et al. (2017) & NZVM (2021),375,0.3,Q3,NZVM (2021),0,0,0,Nelson,,,,,,,,,,,,,,,,,
266A,-41.75549051,171.5990218,5,D,300,0.2,Q3,McVerry (2011),2.8,0.2,Q2,Mw,Unpub HVSR (Van Houtte),85,0.5,Q3,1,Kaiser et al. (2017) & NZVM (2021),375,0.5,Q3,NZVM (2021),0,0,0,Nelson,,,,,,,,,,,,,,,,,
267A,-42.11659981,171.8604234,189,C,333,0.2,Q3,McVerry (2011),0.3,0.3,Q3,I,McVerry (2011),48,0.5,Q3,1,Kaiser et al. (2017) & NZVM (2021),325,0.5,Q3,NZVM (2021),0,0,0,Nelson,,,,,,,,,,,,,,,,,
268A,-42.44890609,171.2107134,13,D,210,0.2,Q3,McVerry (2011),1,0.2,Q2,Mw,McVerry (2011),73,0.5,Q3,1,Kaiser et al. (2017) & NZVM (2021),1425,0.5,Q3,NZVM (2021),0,0,0,Westland,,,,,,,,,,,,,,,,,
270A,-42.40751156,173.6820453,14,C,500,0.2,Q3,McVerry (2011),0.15,0.3,Q3,I,McVerry (2011),10,0.3,Q3,1,Kaiser et al. (2017),4875,0.3,Q3,NZVM (2021),0,0,0,Marlborough,,,,,,,,,,,,,,,,,
272A,-42.71771202,170.9643089,6,D,278,0.2,Q3,McVerry (2011),0.76,0.3,Q3,I,McVerry (2011),88,0.5,Q3,1,Kaiser et al. (2017) & NZVM (2021),2225,0.5,Q3,NZVM (2021),0,0,0,Westland,,,,,,,,,,,,,,,,,
275A,-43.48893576,172.5382254,30,D,400,0.2,Q3,McVerry (2011),6.79,0.1,Q1,Ma,Stolte et al. 2021,593,0.3,Q3,1,Kaiser et al. (2017) & NZVM (2021),2675,0.3,Q3,NZVM (2021),0,0,0,Canterbury,,,,,,,,,,,,,,,,,
301A,-40.35526874,175.6151784,32,D,341,0.2,Q3,McVerry (2011),0.75,0.3,Q3,I,McVerry (2011),63,0.5,Q3,1,Kaiser et al. (2017) & NZVM (2021),325,0.5,Q3,NZVM (2021),0,0,0,Wellington,,,,,,,,,,,,,,,,,
302A,-39.933758,175.052973,20,D,250,0.1,Q2,McVerry (2011),1.2,0.1,Q1,I,Manea et al. 2021 unpublished,78,0.5,Q3,1,Kaiser et al. (2017) & NZVM (2021),3825,0.5,Q3,NZVM (2021),0,0,0,Wellington,,,,,,,,,,,,,,,,,
340A,-40.38626942,175.6164783,42,D,283,0.2,Q3,McVerry (2011),0.96,0.3,Q3,I,McVerry (2011),78,0.5,Q3,1,Kaiser et al. (2017) & NZVM (2021),275,0.5,Q3,NZVM (2021),0,0,0,Wellington,,,,,,,,,,,,,,,,,
465A,-41.20578622,174.9543667,14,C,600,0.2,Q3,Kaiser et al. 2017,0.1,0.3,Q3,I,Kaiser et al. 2017,15,0.1,Q2,1,Boon et al. (2010),275,0.3,Q3,NZVM (2021),0,0,0,Wellington,,,,,,,,,,,,,,,,,
465B,-41.20578622,174.9543667,14,C,600,0.2,Q3,Kaiser et al. 2017,0.1,0.3,Q3,I,Kaiser et al. 2017,15,0.1,Q2,1,Boon et al. (2010),275,0.3,Q3,NZVM (2021),0,0,0,Wellington,,,,,,,,,,,,,,,,,
467A,-41.24248694,174.9023659,2,D,218,0.2,Q3,McVerry (2011),1.5,0.3,Q3,I,Boon et al. (2010),228,0.1,Q2,1,Boon et al. (2010),275,0.3,Q3,NZVM (2021),0,0,0,Wellington,,,,,,,,,,,,,,,,,
468A,-41.20108611,174.9546667,12,D,190,0.05,Q1,Kaiser & Louie (2006),0.9,0.3,Q3,I,Unpub HVSR (Kaiser),51,0.1,Q2,1,Boon et al. (2010),275,0.3,Q3,NZVM (2021),0,0,0,Wellington,,,,,,,,,,,,,,,,,
505A,-42.94831943,171.5668155,740,C,300,0.1,Q2,McVerry (2011),0.4,0.2,Q2,Ms,McVerry (2011),30,0.1,Q2,1,Kaiser et al. (2017),275,0.5,Q3,NZVM (2021),0,0,0,Canterbury,,,,,,,,,,,,,,,,,
507A,-45.10007459,170.9695962,8,C,312,0.2,Q3,McVerry (2011),0.38,0.3,Q3,I,McVerry (2011),53,0.3,Q3,1,Kaiser et al. (2017) & NZVM (2021),1175,0.3,Q3,NZVM (2021),0,0,0,Otago,,,,,,,,,,,,,,,,,
601A,-41.2262865,174.8718656,5,E,161,0.2,Q3,McVerry (2011),2.3,0.3,Q3,I,Boon et al. (2010),299,0.1,Q2,1,Boon et al. (2010),325,0.3,Q3,NZVM (2021),0,0,0,Wellington,,,,,,,,,,,,,,,,,
602C,-41.19028581,174.9279664,27,B,800,0.2,Q3,NSHM 2021,0.05,0.3,Q3,I,NSHM (2021),28,0.5,Q3,1,Kaiser et al. (2017) & NZVM (2021),275,0.5,Q3,NZVM (2021),0,0,0,Wellington,,,,,,,,,,,,,,,,,
603B,-41.223721,174.859994,3,B,800,0.2,Q3,NSHM 2021,0.05,0.3,Q3,I,NSHM (2021),18,0.3,Q3,1,Kaiser et al. (2017) & NZVM (2021),325,0.3,Q3,NZVM (2021),0,0,0,Wellington,,,,,,,,,,,,,,,,,
608A,-41.22408646,174.8793657,2,D,200,0.1,Q2,McVerry (2011),2,0.2,Q2,I,Unpub HVSR (Van Houtte),275,0.1,Q2,1,Boon et al. (2010),325,0.3,Q3,NZVM (2021),0,0,0,Wellington,,,,,,,,,,,,,,,,,
642A,-41.2349868,174.9171661,4,C,350,0.05,Q1,Cousins et al. (2006),0.35,0.2,Q2,Mu,Cousins et al. (1996),58,0.3,Q3,1,Kaiser et al. (2017) & NZVM (2021),275,0.3,Q3,NZVM (2021),0,0,0,Wellington,,,,,,,,,,,,,,,,,
642E,-41.23408678,174.9179661,3,C,350,0.05,Q1,Cousins et al. (2006),0.35,0.2,Q2,Mu,Cousins et al. (1996),39,0.1,Q2,1,Boon et al. (2010),275,0.3,Q3,NZVM (2021),0,0,0,Wellington,,,,,,,,,,,,,,,,,
642G,-41.234981,174.9171844,4,C,350,0.05,Q1,Cousins et al. (2006),0.35,0.2,Q2,Mu,Cousins et al. (1996),24,0.1,Q2,1,Boon et al. (2010),275,0.3,Q3,NZVM (2021),0,0,0,Wellington,,,,,,,,,,,,,,,,,
642H,-41.2349868,174.9171661,4,C,350,0.05,Q1,Cousins et al. (2006),0.35,0.2,Q2,Mu,Cousins et al. (1996),24,0.1,Q2,1,Boon et al. (2010),275,0.3,Q3,NZVM (2021),0,0,0,Wellington,,,,,,,,,,,,,,,,,
644C,-41.2186877,174.8825963,3,D,189,0.2,Q3,McVerry (2011),2,0.3,Q3,I,Boon et al. (2010),259,0.1,Q2,1,Boon et al. (2010),325,0.3,Q3,NZVM (2021),0,0,0,Wellington,,,,,,,,,,,,,,,,,
646A,-41.25708738,174.9481664,87,E,120,0.05,Q1,Kaiser & Louie (2006),1.6,0.1,Q1,Mu,Stephenson & Barker 1992,62,0.1,Q2,1,Kaiser et al. (2017),275,0.3,Q3,NZVM (2021),0,0,0,Wellington,,,,,,,,,,,,,,,,,
646B,-41.25628736,174.9479664,87,E,120,0.05,Q1,Kaiser & Louie (2006),1.6,0.1,Q1,Mu,Stephenson & Barker 1992,62,0.1,Q2,1,Kaiser et al. (2017),275,0.3,Q3,NZVM (2021),0,0,0,Wellington,,,,,,,,,,,,,,,,,
646C,-41.25628736,174.9479664,87,E,120,0.05,Q1,Kaiser & Louie (2006),1.6,0.1,Q1,Mu,Stephenson & Barker 1992,62,0.1,Q2,1,Kaiser et al. (2017),275,0.3,Q3,NZVM (2021),0,0,0,Wellington,,,,,,,,,,,,,,,,,
647A,-41.28708767,174.7779641,1,C,474,0.1,Q2,McVerry (2011),0.16,0.2,Q2,I,Kaiser et al. 2019,11,0.1,Q2,1,Hill et al. (2021),325,0.3,Q3,NZVM (2021),0,0,0,Wellington,,,,,,,,,,,,,,,,,
647D,-41.2875116,174.7769631,1,C,474,0.1,Q2,McVerry (2011),0.07,0.2,Q2,I,Kaiser et al. 2019,6,0.1,Q2,1,Hill et al. (2021),325,0.3,Q3,NZVM (2021),0,0,0,Wellington,,,,,,,,,,,,,,,,,
648A,-41.27748744,174.7734641,20,C,330,0.2,Q3,McVerry (2011),0.35,0.2,Q2,I,Kaiser et al. 2019,8,0.1,Q2,1,Hill et al. (2021),325,0.3,Q3,NZVM (2021),0,0,0,Wellington,,,,,,,,,,,,,,,,,
651A,-41.20468612,174.9232663,20,D,330,0.1,Q2,Kaiser & Louie (2006),1,0.3,Q3,I,Boon et al. (2010),138,0.1,Q2,1,Boon et al. (2010),325,0.3,Q3,NZVM (2021),0,0,0,Wellington,,,,,,,,,,,,,,,,,
705B,-41.13878445,174.8506657,19,C,570,0.2,Q3,McVerry (2011),0.15,0.3,Q3,I,McVerry (2011),33,0.5,Q3,1,Kaiser et al. (2017) & NZVM (2021),325,0.5,Q3,NZVM (2021),0,0,0,Wellington,,,,,,,,,,,,,,,,,
707A,-41.13908445,174.8501657,22,C,570,0.2,Q3,McVerry (2011),0.15,0.3,Q3,I,McVerry (2011),33,0.5,Q3,1,Kaiser et al. (2017) & NZVM (2021),325,0.5,Q3,NZVM (2021),0,0,0,Wellington,,,,,,,,,,,,,,,,,
708A,-41.13128425,174.8389655,3,C,275,0.2,Q3,McVerry (2011),0.4,0.1,Q1,Ms,Manea et al. 2021 unpublished,25,0.5,Q2,1,Kaiser et al. (2017),325,0.5,Q3,NZVM (2021),0,0,0,Wellington,,,,,,,,,,,,,,,,,
709A,-38.62743789,177.9205131,9,E,156,0.0183,Q1,Stolte et al. 2021 unpublished,1.499,0.2122,Q1,I,Stolte et al. 2021 unpublished,180,0.236,Q2,1,Stolte et al. 2021 unpublished,9225,0.5,Q3,NZVM (2021),0,0,0,Gisborne,,,,,,,,,,,,,,,,,
900B,-41.29208779,174.7789641,3,D,267,0.1,Q2,McVerry (2011),1,0.2,Q2,I,Kaiser et al. 2019,119,0.1,Q2,1,Hill et al. (2021),325,0.3,Q3,NZVM (2021),0,0,0,Wellington,,,,,,,,,,,,,,,,,
900C,-41.28908772,174.7798641,2,D,250,0.2,Q3,McVerry (2011),0.77,0.2,Q2,I,Kaiser et al. 2019,61,0.1,Q2,1,Hill et al. (2021),325,0.3,Q3,NZVM (2021),0,0,0,Wellington,,,,,,,,,,,,,,,,,
902A,-41.27755446,174.7792582,9,D,275,0.1,Q2,McVerry (2011),1.1,0.2,Q2,I,Kaiser et al. 2019,108,0.1,Q2,1,Hill et al. (2021),325,0.3,Q3,NZVM (2021),0,0,0,Wellington,,,,,,,,,,,,,,,,,
907A,-41.27878748,174.7784642,2,D,250,0.1,Q2,McVerry (2011),1.05,0.2,Q2,I,Kaiser et al. 2019,95,0.1,Q2,1,Hill et al. (2021),325,0.3,Q3,NZVM (2021),0,0,0,Wellington,,,,,,,,,,,,,,,,,
911A,-41.2885877,174.7768641,3,C,358,0.1,Q2,McVerry (2011),0.25,0.2,Q2,I,Kaiser et al. 2019,15,0.1,Q2,1,Hill et al. (2021),325,0.3,Q3,NZVM (2021),0,0,0,Wellington,,,,,,,,,,,,,,,,,
912A,-41.32628865,174.8084644,6,D,239,0.1,Q2,McVerry (2011),1.12,0.03,Q1,Mw,Stolte et al. 2021 unpublished,66,0.05,Q2,1,Stolte et al. 2021 unpublished,325,0.3,Q3,NZVM (2021),0,0,0,Wellington,,,,,,,,,,,,,,,,,
913A,-41.28748767,174.7726641,53,B,1000,0.2,Q3,NSHM 2021,0.05,0.3,Q3,I,Semmens et al. (2010),0,0.1,Q2,1,Hill et al. (2021),325,0.5,Q3,NZVM (2021),0,0.15,0,Wellington,,,,,,,,,,,,,,,,,
914A,-41.29498784,174.773464,16,C,282,0.1,Q2,McVerry (2011),0.49,0.2,Q2,I,Kaiser et al. 2019,41,0.1,Q2,1,Hill et al. (2021),325,0.3,Q3,NZVM (2021),0,0,0,Wellington,,,,,,,,,,,,,,,,,
914B,-41.29498784,174.773464,16,C,282,0.1,Q2,McVerry (2011),0.49,0.2,Q2,I,Kaiser et al. 2019,41,0.1,Q2,1,Hill et al. (2021),325,0.3,Q3,NZVM (2021),0,0,0,Wellington,,,,,,,,,,,,,,,,,
916A,-41.29408783,174.7756641,12,D,291,0.1,Q2,McVerry (2011),0.75,0.2,Q2,I,Kaiser et al. 2019,81,0.1,Q2,1,Hill et al. (2021),325,0.3,Q3,NZVM (2021),0,0,0,Wellington,,,,,,,,,,,,,,,,,
918B,-41.28408758,174.768164,122,B,1000,0.2,Q3,NSHM 2021,0.05,0.3,Q3,Mw,NSHM (2021),15,0.3,Q3,1,NSHM (2021) ,325,0.5,Q3,NZVM (2021),0,0.3,0,Wellington,,,,,,,,,,,,,,,,,
918C,-41.28448759,174.768164,124,B,1000,0.2,Q3,NSHM 2021,0.05,0.3,Q3,Mw,NSHM (2021),15,0.3,Q3,1,NSHM (2021) ,325,0.5,Q3,NZVM (2021),0,0.3,0,Wellington,,,,,,,,,,,,,,,,,
919A,-41.29358782,174.7768641,8,D,307,0.1,Q2,McVerry (2011),0.92,0.2,Q2,I,Kaiser et al. 2019,108,0.1,Q2,1,Hill et al. (2021),325,0.3,Q3,NZVM (2021),0,0,0,Wellington,,,,,,,,,,,,,,,,,
921A,-41.27748744,174.7734641,20,C,330,0.2,Q3,McVerry (2011),0.35,0.2,Q2,I,Kaiser et al. 2019,8,0.1,Q2,1,Hill et al. (2021),325,0.3,Q3,NZVM (2021),0,0,0,Wellington,,,,,,,,,,,,,,,,,
925A,-41.26578352,173.2773453,3,D,350,0.2,Q3,Tracey & Wotherspoon (2021),0.8,0.3,Q3,I,Kaiser et al. 2017,52,0.3,Q3,1,Kaiser et al. (2017),2825,0.3,Q3,NZVM (2021),0,0,0,Nelson,,,,,,,,,,,,,,,,,
926A,-39.48825317,176.9168978,17,C,429,0.2,Q3,NSHM 2021,0.07,0.3,Q3,I,McVerry (2011),14,0.05,Q1,1,Site Investigation Data,6625,0.5,Q3,NZVM (2021),0,0,0,Hawkes Bay,,,,,,,,,,,,,,,,,
928B,-39.67105689,176.8801967,22,D,256,0.0196,Q1,Stolte et al. 2021 unpublished,2.65,0.07,Q1,Ms,Stolte et al. 2021 unpublished,302,0.0696,Q2,1,Stolte et al. 2021 unpublished,5625,0.5,Q3,NZVM (2021),0,0,0,Hawkes Bay,,,,,,,,,,,,,,,,,
931B,-38.08572492,176.7030001,31,D,320,0.2,Q3,McVerry (2011),0.63,0.3,Q3,I,McVerry (2011),58,0.5,Q3,1,Kaiser et al. (2017) & NZVM (2021),325,0.5,Q3,NZVM (2021),0,0,0,South Auckland,,,,,,,,,,,,,,,,,
933B,-37.69871651,176.1581949,19,D,229,0.2,Q3,McVerry (2011),3.1,0.2,Q2,I,Wotherspoon unpublished,141,0.229,Q2,1,Stolte et al. 2021 unpublished,775,0.5,Q3,NZVM (2021),0,0,0,South Auckland,,,,,,,,,,,,,,,,,
934B,-41.24358698,174.907966,1,D,180,0.05,Q1,Kaiser & Louie (2006),1.1,0.3,Q3,I,Boon et al. (2010),183,0.1,Q2,1,Boon et al. (2010),275,0.3,Q3,NZVM (2021),0,0,0,Wellington,,,,,,,,,,,,,,,,,
940A,-45.0316659,168.6630661,316,D,354,0.2,Q3,McVerry (2011),1.05,0.1,Q1,Mw,Manea et al. 2021 unpublished,73,0.3,Q3,1,Kaiser et al. (2017) & NZVM (2021),325,0.3,Q3,NZVM (2021),0,0,0,Otago,,,,,,,,,,,,,,,,,
941A,-41.29208779,174.7789641,3,D,272,0.1,Q2,McVerry (2011),1.03,0.2,Q2,I,Kaiser et al. 2019,119,0.1,Q2,1,Hill et al. (2021),325,0.3,Q3,NZVM (2021),0,0,0,Wellington,,,,,,,,,,,,,,,,,
AKSS,-43.81091,172.96349,266,C,435,0.05,Q1,Unpublished MASW (C. Van Houtte),0.3,0.1,Q1,Mw,Kaiser et al. (2013),10,0.1,Q2,1,Kaiser et al. (2017),1425,0.3,Q3,NZVM (2021),0,0,0,Canterbury,,,,,,,,,,,,,,,,,
APPS,-42.94894944,171.5677355,19,C,300,0.1,Q2,McVerry (2011),0.44,0.1,Q1,Ms,Manea et al. 2021 unpublished,30,0.1,Q2,1,Kaiser et al. (2017),275,0.5,Q3,NZVM (2021),0,0,0,Canterbury,,,,,,,,,,,,,,,,,
BENS,-44.562968,170.192979,564,B,800,0.2,Q3,NSHM 2021,0.05,0.3,Q3,I,NSHM (2021),28,0.5,Q3,1,Kaiser et al. (2017) & NZVM (2021),325,0.5,Q3,NZVM (2021),0,0,0,Otago,,,,,,,,,,,,,,,,,
BFZ,-40.67964728,176.2462451,405,B,800,0.2,Q3,NSHM 2021,0.04,0.1,Q1,Mw,Manea et al. 2021 unpublished,0,0.1,Q2,1,Kaiser et al. (2017),325,0.5,Q3,NZVM (2021),0,0.83,0,Wellington,,,,,,,,,,,,,,,,,
BMTS,-41.191372,174.92603,217,B,1000,0.2,Q3,NSHM 2021,0.05,0.1,Q1,Mn,Manea et al. 2021 unpublished,15,0.3,Q3,1,NSHM (2021) ,275,0.5,Q3,NZVM (2021),1,0,0,Wellington,,,,,,,,,,,,,,,,,
BTWS,-41.38923599,173.1285128,93,D,500,0.2,Q3,Tracey & Wotherspoon (2021),0.7,0.3,Q3,I,Unpub HVSR (Kaiser),40,0.3,Q3,1,Kaiser et al. (2017),625,0.3,Q3,NZVM (2021),0,0,0,Nelson,,,,,,,,,,,,,,,,,
CACS,-43.48317559,172.5300153,266,D,435,0.05,Q1,Wotherspoon et al. 2015,6.79,0.1,Q1,Ma,Stolte et al. 2021,595,0.3,Q3,0,NZVM (2021),2675,0.3,Q3,NZVM (2021),0,0,0,Canterbury,,,,,,,,,,,,,,,,,
CBGS,-43.52934701,172.6198762,63,D,197,0.05,Q1,Wotherspoon et al. 2015,4.35,0.1,Q1,I,Stolte et al. 2021,545,0.3,Q3,0,NZVM (2021),2375,0.3,Q3,NZVM (2021),0,0,0,Canterbury,,,,,,,,,,,,,,,,,
CCCC,-43.538085,172.647427,234,D,182,0.05,Q1,Wotherspoon et al. 2015,2.51,0.1,Q1,Ma,Stolte et al. 2021,495,0.3,Q3,0,NZVM (2021),2075,0.3,Q3,NZVM (2021),0,0,0,Canterbury,,,,,,,,,,,,,,,,,
CHHC,-43.535929,172.627523,46,D,196,0.05,Q1,Wotherspoon et al. 2015,2.66,0.2,Q2,I,Stolte et al. 2021,515,0.3,Q3,0,NZVM (2021),2175,0.3,Q3,NZVM (2021),0,0,0,Canterbury,,,,,,,,,,,,,,,,,
CMHS,-43.56561796,172.6241761,277,D,213,0.05,Q1,Wotherspoon et al. 2015,0.695,0.1,Q1,Mw,Stolte et al. 2021,125,0.3,Q3,0,NZVM (2021),1625,0.3,Q3,NZVM (2021),0,0,0,Canterbury,,,,,,,,,,,,,,,,,
CRLZ,-43.574741,172.6232219,832,B,900,0.1,Q2,van Houtte et al. 2012,0.05,0.3,Q3,Mw,NSHM (2021),0,0.1,Q1,1,Kaiser et al. (2017),1525,0.3,Q3,NZVM (2021),0,0.9,0,Canterbury,,,,,,,,,,,,,,,,,
CSBF,-45.293067,166.869341,80,A,1500,0.2,Q3,NSHM 2021,0.05,0.3,Q3,I,NSHM (2021),0,0.5,Q3,1,Kaiser et al. (2017),375,0.5,Q3,NZVM (2021),0,0,0,Southland,,,,,,,,,,,,,,,,,
CULC,-42.759438,172.8026023,1247,D,407,0.028,Q1,Stolte et al. 2021 unpublished,2.4,0.1,Q1,I,Stolte et al. 2021 unpublished,70,0.195,Q2,0,Stolte et al. (2021) unpublished,475,0.3,Q3,NZVM (2021),0,0,0,Canterbury,,,,,,,,,,,,,,,,,
CVZ,-44.38318,171.00616,303,A,1500,0.2,Q3,NSHM 2021,0.05,0.1,Q1,I,Manea et al. 2021 unpublished,0,0.3,Q3,1,Kaiser et al. (2017),1525,0.3,Q3,NZVM (2021),0,0,0,Canterbury,,,,,,,,,,,,,,,,,
D13C,-43.606541,172.644913,259,B,1000,0.2,Q3,NSHM 2021,0.05,0.3,Q3,Mw,NSHM (2021),15,0.3,Q3,1,NSHM (2021) ,1575,0.3,Q3,NZVM (2021),0,0.3,0,Canterbury,,,,,,,,,,,,,,,,,
DAVS,-41.20578668,174.9543598,496,D,300,0.2,Q3,NSHM 2021,0.6289,0.3081,Q1,I,Stolte et al. 2021,35,0.3,Q3,1,Kaiser et al. (2017) & NZVM (2021),275,0.3,Q3,NZVM (2021),0,0,0,Wellington,,,,,,,,,,,,,,,,,
DCDS,-45.87433511,170.5021555,33,B,600,0.2,Q3,Cousins et al. (2006),0.05,0.1,Q1,I,Manea et al. 2021 unpublished,27,0.5,Q3,1,Kaiser et al. (2017) & NZVM (2021),325,0.5,Q3,NZVM (2021),0,0,1,Otago,,,,,,,,,,,,,,,,,
DCZ,-45.46471319,167.1535335,384,A,1500,0.2,Q3,NSHM 2021,0.05,0.1,Q1,Mn,Manea et al. 2021 unpublished,0,0.1,Q1,1,Kaiser et al. (2017),425,0.5,Q3,NZVM (2021),1,0,0,Southland,,,,,,,,,,,,,,,,,
DECF,-45.202565,166.972743,260,A,1500,0.2,Q3,NSHM 2021,0.05,0.3,Q3,I,NSHM (2021),0,0.5,Q3,1,Kaiser et al. (2017),375,0.5,Q3,NZVM (2021),0,0,0,Southland,,,,,,,,,,,,,,,,,
DFHS,-43.48967462,172.1021597,6,D,515,0.0453,Q1,Deschenes et al. (2018),5.6,0.1,Q1,Mw,Stolte et al. 2021,797,0,Q2,0,Deschenes et al. (2018),1225,0.3,Q3,NZVM (2021),0,0,0,Canterbury,,,,,,,,,,,,,,,,,
DGNS,-45.8625648,170.5139057,4,B,600,0.2,Q3,Kaiser et al. 2017,0.064,0.033,Q1,Mw,Stolte et al. 2021 unpublished,38,0.3,Q3,1,Kaiser et al. (2017) & NZVM (2021),325,0.3,Q3,NZVM (2021),0,0,1,Otago,,,,,,,,,,,,,,,,,
DSZ,-41.74496082,171.8046144,193,B,800,0.2,Q3,NSHM 2021,0.05,0.1,Q1,Mw,Manea et al. 2021 unpublished,40,0.1,Q2,1,Kaiser et al. (2017),375,0.5,Q3,NZVM (2021),0,0.33,0,Nelson,,,,,,,,,,,,,,,,,
DUNS,-45.9051559,170.4706449,9,C,500,0.1,Q2,Kaiser et al. 2017,0.17,0.1,Q1,Ms,Manea et al. 2021 unpublished,9,0.1,Q2,1,Kaiser et al. (2017),325,0.5,Q3,NZVM (2021),0,0,1,Otago,,,,,,,,,,,,,,,,,
EBPS,-41.28942801,174.9002357,1118,C,540,0.1,Q2,Kaiser & Louie (2006),0.38,0.3,Q3,Mw,Unpub HVSR (Van Houtte),7,0.1,Q2,1,Kaiser et al. (2017),275,0.3,Q3,NZVM (2021),0,0,0,Wellington,,,,,,,,,,,,,,,,,
FAIS,-41.2074,174.9401,908,B,1000,0.2,Q3,NSHM 2021,0.05,0.1,Q1,Mw,Manea et al. 2021 unpublished,15,0.3,Q3,1,NSHM (2021) ,275,0.5,Q3,NZVM (2021),0,0.27,0,Wellington,,,,,,,,,,,,,,,,,
FDCS,-44.09865703,170.8286999,0,D,301,0.2,Q3,Cousins et al. (2006),2.2,0.1,Q1,I,Manea et al. 2021 unpublished,515,0.3,Q3,0,NZVM (2021),525,0.3,Q3,NZVM (2021),0,0,0,Canterbury,,,,,,,,,,,,,,,,,
FKPS,-41.28794769,174.7787641,134,C,323,0.089,Q1,Vantassel & Cox 2018,0.41,0.2,Q2,Mw,Kaiser et al. 2019,30,0.1,Q2,1,Hill et al. (2021),325,0.3,Q3,NZVM (2021),0,0,0,Wellington,,,,,,,,,,,,,,,,,
FOZ,-43.53209931,169.8154798,165,B,1000,0.2,Q3,NSHM 2021,0.05,0.1,Q1,Mw,Manea et al. 2021 unpublished,0,0.5,Q3,1,Kaiser et al. (2017),325,0.5,Q3,NZVM (2021),1,0,0,Westland,,,,,,,,,,,,,,,,,
GDLC,-43.586183,172.088753,450,D,457,0.0532,Q1,Deschenes et al. (2018),5.89,0.1,Q1,I,Stolte et al. 2021,517,0,Q2,0,Deschenes et al. (2018),1675,0.3,Q3,NZVM (2021),0,0,0,Canterbury,,,,,,,,,,,,,,,,,
GHHS,-38.64178,178.01772,2,D,275,0.0261,Q1,Stolte et al. 2021 unpublished,0.95,0.0511,Q1,I,Stolte et al. 2021 unpublished,108,0.167,Q2,1,Stolte et al. (2021) unpublished,10475,0.5,Q3,NZVM (2021),0,0,0,Gisborne,,,,,,,,,,,,,,,,,
GISS,-38.66648887,178.0226743,3,E,162,0.011,Q1,Stolte et al. 2021 unpublished,0.91,0.1,Q1,Ms,Stolte et al. 2021 unpublished,120,0.0723,Q2,1,Stolte et al. (2021) unpublished,10125,0.5,Q3,NZVM (2021),0,0,0,Gisborne,,,,,,,,,,,,,,,,,
GWTS,-38.62567786,177.9215832,37,E,156,0.0183,Q1,Stolte et al. 2021 unpublished,1.5,0.22,Q1,I,Stolte et al. 2021 unpublished,180,0.236,Q2,1,Stolte et al. (2021) unpublished,9175,0.5,Q3,NZVM (2021),0,0,0,Gisborne,,,,,,,,,,,,,,,,,
HAZ,-37.7561,177.7826,18,B,600,0.2,Q3,Kaiser et al. 2017,0.06,0.1,Q1,I,Manea et al. 2021 unpublished,25,0.5,Q3,1,Kaiser et al. (2017) & NZVM (2021),275,0.5,Q3,NZVM (2021),0,0,0,Gisborne,,,,,,,,,,,,,,,,,
HCDS,-39.64584629,176.8429064,89,D,196,0.02,Q1,Stolte et al. 2021 unpublished,3.32,0.17,Q1,I,Stolte et al. 2021 unpublished,97,0.465,Q2,0,Stolte et al. (2021) unpublished,5125,0.5,Q3,NZVM (2021),0,0,0,Hawkes Bay,,,,,,,,,,,,,,,,,
HIBS,-41.1399,175.0359,11,D,500,0.2,Q3,NSHM 2021,1,0.2,Q2,I,Manea et al. 2021 unpublished,103,0.3,Q3,1,Kaiser et al. (2017) & NZVM (2021),325,0.3,Q3,NZVM (2021),0,0,0,Wellington,,,,,,,,,,,,,,,,,
HMCS,-42.716922,170.9639589,28,D,278,0.2,Q3,McVerry (2011),0.76,0.3,Q3,I,Unpub HVSR (Van Houtte),68,0.5,Q3,1,Kaiser et al. (2017) & NZVM (2021),2225,0.5,Q3,NZVM (2021),0,0,0,Westland,,,,,,,,,,,,,,,,,
HNPS,-39.67101689,176.8801067,255,D,256,0.02,Q1,Stolte et al. 2021 unpublished,2.65,0.07,Q1,Ms,Stolte et al. 2021 unpublished,302,0.0696,Q2,1,Stolte et al. (2021) unpublished,5625,0.5,Q3,NZVM (2021),0,0,0,Hawkes Bay,,,,,,,,,,,,,,,,,
HORC,-43.53963553,171.9599076,70,D,531,0.055,Q1,Deschenes et al. (2018),6.04,0.1,Q1,I,Stolte et al. 2021,697,0,Q2,0,Deschenes et al. (2018),2075,0.3,Q3,NZVM (2021),0,0,0,Canterbury,,,,,,,,,,,,,,,,,
HSES,-42.52324224,172.8304938,112,D,280,0.2,Q3,Commercial Client - Hamner,0.71,0.1,Q1,Mw,Manea et al. 2021 unpublished,190,0.3,Q3,1,Kaiser et al. (2017) & NZVM (2021),325,0.3,Q3,NZVM (2021),0,0,0,Canterbury,,,,,,,,,,,,,,,,,
HSSS,-41.15193505,174.9814773,99,C,526,0.2,Q3,NSHM 2021,0.22,0.2,Q2,Mw,Manea et al. 2021 unpublished,9,0.05,Q1,1,Site Investigation Data,275,0.5,Q3,NZVM (2021),0,0,0,Wellington,,,,,,,,,,,,,,,,,
HVSC,-43.579787,172.709423,421,C,348,0.05,Q1,Wotherspoon et al. 2015,0.27,0.1,Q1,Ms,Wotherspoon et al. 2015,19,0.1,Q1,1,Kaiser et al. (2017),1525,0.3,Q3,NZVM (2021),0,0,0,Canterbury,,,,,,,,,,,,,,,,,
HWHS,-39.58513919,174.2742448,322,D,210,0.1,Q2,Barker 1997a,0.6,0.1,Q1,Ms,Manea et al. 2021 unpublished,49,0.5,Q2,1,Kaiser et al. (2017) & NZVM (2021),1425,0.5,Q3,NZVM (2021),0,0,0,Taranaki,,,,,,,,,,,,,,,,,
INZ,-42.7245,171.4441,160,A,1500,0.2,Q3,NSHM 2021,0.05,0.1,Q1,I,Manea et al. 2021 unpublished,0,0.5,Q3,1,Kaiser et al. (2017),275,0.5,Q3,NZVM (2021),1,0,0,Westland,,,,,,,,,,,,,,,,,
JCWJ,-43.972337,168.611772,243,B,800,0.2,Q3,NSHM 2021,0.05,0.3,Q3,I,NSHM (2021),29,0.5,Q3,1,Kaiser et al. (2017) & NZVM (2021),1225,0.5,Q3,NZVM (2021),0,0,0,Westland,,,,,,,,,,,,,,,,,
JCZ,-44.07321036,168.7854734,595,A,1500,0.2,Q3,NSHM 2021,0.05,0.1,Q1,I,Manea et al. 2021 unpublished,0,0.1,Q2,1,Kaiser et al. (2017),325,0.5,Q3,NZVM (2021),0,0,0,Westland,,,,,,,,,,,,,,,,,
KAFS,-38.0835149,176.7092902,35,D,220,0.1,Q2,Kaiser et al. 2017,1.2,0.1,Q1,Mw,Manea et al. 2021 unpublished,78,0.5,Q3,1,Kaiser et al. (2017) & NZVM (2021),325,0.5,Q3,NZVM (2021),0,0,1,South Auckland,,,,,,,,,,,,,,,,,
KFHS,-39.43337107,176.4669625,1210,B,760,0.2,Q3,Cousins et al. (2006),0.05,0.1,Q1,Mw,Manea et al. 2021 unpublished,10,0.5,Q3,1,Kaiser et al. (2017),1475,0.5,Q3,NZVM (2021),0,1.25,0,Hawkes Bay,,,,,,,,,,,,,,,,,
KIKS,-42.42581201,173.6821252,81,B,800,0.2,Q3,NSHM 2021,0.05,0.1,Q1,Mn,Manea et al. 2021 unpublished,0,0.3,Q3,1,Kaiser et al. (2017),4925,0.3,Q3,NZVM (2021),1,0,0,Marlborough,,,,,,,,,,,,,,,,,
KNZ,-39.02175522,177.6736688,178,B,800,0.2,Q3,NSHM 2021,0.05,0.1,Q1,I,Manea et al. 2021 unpublished,0,0.1,Q2,1,Kaiser et al. (2017),4725,0.5,Q3,NZVM (2021),0,0,0,Hawkes Bay,,,,,,,,,,,,,,,,,
KPOC,-43.3764632,172.6637676,33,D,257,0.05,Q1,Wotherspoon et al. 2016,7.1,0.1,Q1,I,Wotherspoon et al 2016,1345,0.3,Q3,0,NZVM (2021),3275,0.3,Q3,NZVM (2021),0,0,0,Canterbury,,,,,,,,,,,,,,,,,
LBZ,-44.38555284,170.1844199,2022,B,1000,0.2,Q3,NSHM 2021,0.05,0.1,Q1,I,Manea et al. 2021 unpublished,15,0.3,Q3,1,NSHM (2021) ,325,0.5,Q3,NZVM (2021),1,0,0,Otago,,,,,,,,,,,,,,,,,
LCQC,-43.608578,172.729678,10,C,600,0.2,Q3,Kaiser et al. 2017,0.13,0.3,Q3,I,Kaiser et al. 2017,65,0.3,Q3,1,NZVM (2021),1375,0.3,Q3,NZVM (2021),0,0,0,Canterbury,,,,,,,,,,,,,,,,,
LHUS,-41.23084665,174.8936358,62,D,212,0.05,Q1,Kaiser & Louie (2006),1.75,0.1,Q1,I,Manea et al. 2021 unpublished,243,0.1,Q2,1,Boon et al. (2010),325,0.3,Q3,NZVM (2021),0,0,0,Wellington,,,,,,,,,,,,,,,,,
LINC,-43.62317904,172.4680038,4,D,292,0.0468,Q1,Deschenes et al. (2018),4.36,0.1,Q1,I,Stolte et al. 2021,662,0,Q2,0,Deschenes et al. (2018),1725,0.3,Q3,NZVM (2021),0,0,0,Canterbury,,,,,,,,,,,,,,,,,
LIRS,-41.23231,174.91929,24,C,400,0.2,Q3,Kaiser et al. 2017,0.25,0.1,Q1,Mw,Manea et al. 2021 unpublished,16,0.1,Q2,1,Boon et al. (2010),275,0.3,Q3,NZVM (2021),0,0,0,Wellington,,,,,,,,,,,,,,,,,
LNBS,-41.20498,174.9266,728,D,330,0.1,Q2,Kaiser & Louie (2006),0.8,0.3,Q3,I,Boon et al. (2010),131,0.1,Q2,1,Boon et al. (2010),325,0.3,Q3,NZVM (2021),0,0,0,Wellington,,,,,,,,,,,,,,,,,
LPCC,-43.60785,172.724778,429,B,760,0.2,Q3,Kaiser et al. 2017,0.05,0.1,Q1,Mw,Manea et al. 2021 unpublished,5,0.3,Q3,1,Kaiser et al. (2017),1325,0.3,Q3,NZVM (2021),0,0,0,Canterbury,,,,,,,,,,,,,,,,,
LRSS,-41.2294301,174.9042459,196,D,256,0.018,Q1,Stolte et al. 2021 unpublished,1.72,0.11,Q1,I,Stolte et al. 2021 unpublished,200,0.1,Q2,1,Boon et al. (2010),325,0.3,Q3,NZVM (2021),0,0,0,Wellington,,,,,,,,,,,,,,,,,
LTZ,-42.78166716,172.2710354,58,B,1000,0.2,Q3,NSHM 2021,0.05,0.1,Q1,Mw,Manea et al. 2021 unpublished,15,0.3,Q3,1,NSHM (2021) ,325,0.5,Q3,NZVM (2021),1,0,0,Canterbury,,,,,,,,,,,,,,,,,
MANS,-45.521225,167.278065,360,A,1500,0.2,Q3,NSHM 2021,0.05,0.1,Q1,I,Manea et al. 2021 unpublished,0,0.5,Q3,1,Kaiser et al. (2017),675,0.5,Q3,NZVM (2021),1,0,0,Southland,,,,,,,,,,,,,,,,,
MAVS,-41.21085751,175.4614831,10,D,390,0.2,Q3,Cousins et al. (2006),2.91,0.12,Q1,Mw,Stolte et al. 2021 unpublished,268,0.5,Q3,1,Kaiser et al. (2017) & NZVM (2021),1375,0.5,Q3,NZVM (2021),0,0,0,Wellington,,,,,,,,,,,,,,,,,
MCAS,-41.79993351,172.3280308,13,D,501,0.2,Q3,McVerry (2011),1.9,0.1,Q1,Mw,Manea et al. 2021 unpublished,208,0.3,Q3,1,Kaiser et al. (2017) & NZVM (2021),375,0.3,Q3,NZVM (2021),0,0,0,Nelson,,,,,,,,,,,,,,,,,
MGCS,-41.50768077,173.9443926,27,D,402,0.05,Q1,Stolte et al. 2021 unpublished,3.9,0.1,Q2,Mw,Stolte et al. 2021 unpublished,95,0.597,Q2,0,Stolte et al. (2021) unpublished,1125,0.3,Q3,NZVM (2021),0,0,0,Marlborough,,,,,,,,,,,,,,,,,
MISS,-41.31488841,174.8184345,102,D,274,0.005,Q1,Stolte et al. 2021 unpublished,1.15,0.11,Q1,Mw,Stolte et al. 2021 unpublished,97,0.021,Q2,1,Stolte et al. (2021) unpublished,325,0.3,Q3,NZVM (2021),0,0,0,Wellington,,,,,,,,,,,,,,,,,
MKBS,-41.2259,174.6981,10,B,1000,0.2,Q3,NSHM 2021,0.05,0.2,Q2,Mn,Manea et al. 2021 unpublished,0,0.5,Q3,1,Kaiser et al. (2017),275,0.5,Q3,NZVM (2021),1,0,0,Wellington,,,,,,,,,,,,,,,,,
MKVS,-41.26542095,174.7055245,15,C,480,0.2,Q3,Kaiser et al. 2017,0.17,0.3,Q3,Mw,Unpub HVSR (Kaiser),34,0.5,Q3,1,Kaiser et al. (2017) & NZVM (2021),275,0.5,Q3,NZVM (2021),0,0,0,Wellington,,,,,,,,,,,,,,,,,
MLZ,-45.36654353,168.1184068,13,A,1500,0.2,Q3,NSHM 2021,0.05,0.2,Q2,Mn,Manea et al. 2021 unpublished,0,0.1,Q1,1,Kaiser et al. (2017),1075,0.5,Q3,NZVM (2021),1,0,0,Southland,,,,,,,,,,,,,,,,,
MOLS,-42.08802277,173.2574013,662,C,600,0.2,Q3,NSHM 2021,0.18,0.2,Q2,Mw,Manea et al. 2021 unpublished,5,0.5,Q3,1,Kaiser et al. (2017),525,0.5,Q3,NZVM (2021),0,0,0,Marlborough,,,,,,,,,,,,,,,,,
MRZ,-40.66054537,175.5785268,561,B,800,0.2,Q3,NSHM 2021,0.05,0.1,Q1,Mw,Manea et al. 2021 unpublished,0,0.1,Q1,1,Kaiser et al. (2017),225,0.5,Q3,NZVM (2021),0,0,0,Wellington,,,,,,,,,,,,,,,,,
MSZ,-44.67333378,167.9263986,423,A,1500,0.2,Q3,NSHM 2021,0.05,0.1,Q1,Mn,Manea et al. 2021 unpublished,0,0.1,Q1,1,Kaiser et al. (2017),325,0.5,Q3,NZVM (2021),1,0,0,Southland,,,,,,,,,,,,,,,,,
MSZS,-44.67301377,167.9255386,86,C,600,0.2,Q3,NSHM 2021,0.33,0.2,Q2,Mw,Unpub HVSR (Van Houtte),3,0.1,Q2,1,Kaiser et al. (2017),325,0.5,Q3,NZVM (2021),0,0,0,Southland,,,,,,,,,,,,,,,,,
MWZ,-38.3340014,177.5277793,153,B,800,0.2,Q3,NSHM 2021,0.05,0.1,Q1,Mn,Manea et al. 2021 unpublished,0,0.5,Q3,1,Kaiser et al. (2017),275,0.5,Q3,NZVM (2021),1,0,0,Gisborne,,,,,,,,,,,,,,,,,
MXZ,-37.56225851,178.3066313,383,B,1000,0.2,Q3,NSHM 2021,0.05,0.1,Q1,Mn,Manea et al. 2021 unpublished,15,0.3,Q3,1,NSHM (2021) ,3025,0.5,Q3,NZVM (2021),1,0,0,Gisborne,,,,,,,,,,,,,,,,,
NAAS,-39.468735,176.872021,70,D,243,0.0145,Q1,Stolte et al. 2021 unpublished,1.77,0.12,Q1,I,Stolte et al. 2021 unpublished,179,0.215,Q2,1,Stolte et al. (2021) unpublished,6475,0.5,Q3,NZVM (2021),0,0,0,Hawkes Bay,,,,,,,,,,,,,,,,,
NBLC,-43.50685883,172.7313538,33,D,189,0.05,Q1,Wotherspoon et al. 2015,3.75,0.1,Q1,Ma,Wotherspoon et al. 2015,605,0.3,Q3,0,NZVM (2021),2025,0.3,Q3,NZVM (2021),0,0,0,Canterbury,,,,,,,,,,,,,,,,,
NBSS,-41.202272,174.953755,141,D,190,0.05,Q1,Kaiser & Louie (2006),0.9,0.1,Q1,Ms,Manea et al. 2021 unpublished,47,0.1,Q2,1,Boon et al. (2010),275,0.3,Q3,NZVM (2021),0,0,0,Wellington,,,,,,,,,,,,,,,,,
NCBS,-41.27087365,173.2836753,20,D,335,0.2,Q3,Tracey & Wotherspoon (2021),0.7,0.2,Q2,Mw,Unpub HVSR (Kaiser),50,0.3,Q3,1,Kaiser et al. (2017),1575,0.3,Q3,NZVM (2021),0,0,0,Nelson,,,,,,,,,,,,,,,,,
NCDS,-39.500141,176.875961,1037,D,176,0.01,Q1,Stolte et al. 2021 unpublished,1.1,0.1,Q1,I,Manea et al. 2021 unpublished,118,0.5,Q3,1,Kaiser et al. (2017) & NZVM (2021),6475,0.5,Q3,NZVM (2021),0,0,0,Hawkes Bay,,,,,,,,,,,,,,,,,
NCHS,-39.5066335,176.8967575,97,D,230,0.18,Q1,Stolte et al. 2021 unpublished,0.865,0.08,Q1,Mw,Stolte et al. 2021 unpublished,133,0.176,Q2,1,Stolte et al. (2021) unpublished,6525,0.5,Q3,NZVM (2021),0,0,0,Hawkes Bay,,,,,,,,,,,,,,,,,
NELS,-41.28780402,173.2742451,29,B,550,0.2,Q3,Tracey & Wotherspoon (2021),0.05,0.1,Q1,Mw,Manea et al. 2021 unpublished,3,0.3,Q3,1,Kaiser et al. (2017),425,0.3,Q3,NZVM (2021),0,0.8,0,Nelson,,,,,,,,,,,,,,,,,
NEWS,-41.23204,174.82178,634,B,1000,0.2,Q3,NSHM 2021,0.05,0.1,Q1,Mn,Manea et al. 2021 unpublished,15,0.3,Q3,1,NSHM (2021) ,375,0.5,Q3,NZVM (2021),1,0,0,Wellington,,,,,,,,,,,,,,,,,
NGHS,-39.48587311,176.9149278,7,C,440,0.1,Q2,Stolte et al. 2021 unpublished,0.187,0.13,Q1,Mw,Stolte et al. 2021 unpublished,61,0.5,Q3,1,Kaiser et al. (2017) & NZVM (2021),6675,0.5,Q3,NZVM (2021),0,0,0,Hawkes Bay,,,,,,,,,,,,,,,,,
NLMS,-41.26652354,173.2768352,445,C,350,0.2,Q3,Tracey & Wotherspoon (2021),0.25,0.1,Q1,Ms,Manea et al. 2021 unpublished,20,0.3,Q3,1,Kaiser et al. (2017),2825,0.3,Q3,NZVM (2021),0,0,0,Nelson,,,,,,,,,,,,,,,,,
NMPS,-41.57445538,175.2278787,1280,B,800,0.2,Q3,NSHM 2021,0.05,0.2,Q2,Mn,Unpub HVSR (Van Houtte),36,0.5,Q3,1,Kaiser et al. (2017) & NZVM (2021),2575,0.5,Q3,NZVM (2021),1,0,0,Wellington,,,,,,,,,,,,,,,,,
NNBS,-43.49542639,172.7179977,1176,D,204,0.05,Q1,Wotherspoon et al. 2015,4.87,0.1,Q1,Ma,Wotherspoon et al. 2015,685,0.3,Q3,0,NZVM (2021),2175,0.3,Q3,NZVM (2021),0,0,0,Canterbury,,,,,,,,,,,,,,,,,
NNZ,-41.21710266,173.3794768,35,B,1000,0.2,Q3,NSHM 2021,0.05,0.1,Q1,Mn,Manea et al. 2021 unpublished,15,0.3,Q3,1,NSHM (2021) ,325,0.5,Q3,NZVM (2021),1,0,0,Nelson,,,,,,,,,,,,,,,,,
NSPS,-39.48959319,176.9158778,885,C,600,0.2,Q3,Wotherspoon estimate,0.186,0.0163,Q1,Mw,Stolte et al. 2021 unpublished,54,0.5,Q3,1,Kaiser et al. (2017) & NZVM (2021),6625,0.5,Q3,NZVM (2021),0,0,0,Hawkes Bay,,,,,,,,,,,,,,,,,
NWFS,-41.58906573,175.2339587,58,B,600,0.2,Q3,Wotherspoon estimate,0.05,0.1,Q1,I,Manea et al. 2021 unpublished,41,0.5,Q3,1,Kaiser et al. (2017) & NZVM (2021),3075,0.5,Q3,NZVM (2021),0,0,0,Wellington,,,,,,,,,,,,,,,,,
OPZ,-45.88435567,170.5977667,65,A,1500,0.2,Q3,NSHM 2021,0.05,0.1,Q1,Mn,Manea et al. 2021 unpublished,0,0.5,Q3,1,Kaiser et al. (2017),375,0.5,Q3,NZVM (2021),0,0,1,Otago,,,,,,,,,,,,,,,,,
OXZ,-43.3259,172.0383,1,B,1000,0.2,Q3,NSHM 2021,0.05,0.1,Q1,Mw,Manea et al. 2021 unpublished,15,0.3,Q3,1,NSHM (2021) ,325,0.3,Q3,NZVM (2021),0,0,0,Canterbury,,,,,,,,,,,,,,,,,
PARS,-43.567898,172.750717,31,B,750,0.2,Q3,Kaiser et al. 2014,0.05,0.1,Q1,Mw,Manea et al. 2021 unpublished,58,0.3,Q3,1,Kaiser et al. (2017) & NZVM (2021),1775,0.3,Q3,NZVM (2021),0,0.95,0,Canterbury,,,,,,,,,,,,,,,,,
PGMS,-41.22450647,174.8794357,490,D,200,0.1,Q2,Kaiser & Louie (2006),1.788,0.0389,Q1,Ms,Stolte et al. 2021 unpublished,274,0.1,Q2,1,Boon et al. (2010),325,0.3,Q3,NZVM (2021),0,0,0,Wellington,,,,,,,,,,,,,,,,,
PIPS,-41.26748661,174.7860682,45,D,210,0.058,Q1,Vantassel & Cox 2018,1,0.1,Q1,I,Kaiser et al. 2019,157,0.1,Q2,1,Hill et al. (2021),325,0.3,Q3,NZVM (2021),0,0,0,Wellington,,,,,,,,,,,,,,,,,
POLS,-41.13139425,174.8390955,232,C,275,0.2,Q3,McVerry (2011),0.4,0.1,Q1,Ms,Manea et al. 2021 unpublished,25,0.1,Q2,1,Kaiser et al. (2017),325,0.5,Q3,NZVM (2021),0,0,0,Wellington,,,,,,,,,,,,,,,,,
POTS,-41.27221732,174.7746442,4,C,453,0.02,Q1,Stolte et al. 2021 unpublished,0.24,0.1,Q1,Mn,Stolte et al. 2021 unpublished,24,0.05,Q1,1,Stolte et al. (2021) unpublished,325,0.3,Q3,NZVM (2021),0,0,0,Wellington,,,,,,,,,,,,,,,,,
PPHS,-43.49284604,172.6069162,125,D,180,0.05,Q1,Wotherspoon et al. 2015,6.2,0.1,Q1,Ma,Stolte et al. 2021,665,0.3,Q3,0,NZVM (2021),3325,0.3,Q3,NZVM (2021),0,0,0,Canterbury,,,,,,,,,,,,,,,,,
PRKS,-41.24901997,174.9341325,2,D,190,0.1,Q2,Kaiser & Louie 2006,0.8,0.1,Q1,Ms,Manea et al. 2021 unpublished,70,0.1,Q2,1,Kaiser et al. (2017),275,0.3,Q3,NZVM (2021),0,0,0,Wellington,,,,,,,,,,,,,,,,,
PRPC,-43.52581308,172.6827711,19,D,196,0.05,Q1,Wotherspoon et al. 2015,5.28,0.1,Q1,Ma,Stolte et al. 2021,485,0.3,Q3,0,NZVM (2021),2075,0.3,Q3,NZVM (2021),0,0,0,Canterbury,,,,,,,,,,,,,,,,,
PTOS,-41.222973,174.860302,4,C,450,0.2,Q3,Kaiser et al. 2017,0.2,0.3,Q3,I,Kaiser et al. 2017,23,0.5,Q3,1,Kaiser et al. (2017) & NZVM (2021),325,0.5,Q3,NZVM (2021),0,0,0,Wellington,,,,,,,,,,,,,,,,,
PUZ,-38.07154787,178.257209,332,B,1000,0.2,Q3,NSHM 2021,0.05,0.1,Q1,Mw,Manea et al. 2021 unpublished,0,0.5,Q3,1,Kaiser et al. (2017),1275,0.5,Q3,NZVM (2021),0,0.4,0,Gisborne,,,,,,,,,,,,,,,,,
PVCS,-41.22474608,174.8739174,20,D,190,0.1,Q2,Kaiser & Louie (2006),2,0.2,Q2,I,Manea et al. 2021 unpublished,296,0.1,Q2,1,Boon et al. (2010),325,0.3,Q3,NZVM (2021),0,0,0,Wellington,,,,,,,,,,,,,,,,,
PWZ,-40.02968444,176.8619952,3,B,1000,0.2,Q3,NSHM 2021,0.05,0.1,Q1,I,Manea et al. 2021 unpublished,15,0.3,Q3,1,NSHM (2021) ,7575,0.5,Q3,NZVM (2021),0,0,0,Hawkes Bay,,,,,,,,,,,,,,,,,
PXZ,-40.03064446,176.8621452,3,B,1000,0.2,Q3,NSHM 2021,0.05,0.1,Q1,Ms,Manea et al. 2021 unpublished,15,0.3,Q3,1,NSHM (2021) ,7625,0.5,Q3,NZVM (2021),0,0.5,0,Hawkes Bay,,,,,,,,,,,,,,,,,
PYZ,-46.16625168,166.6806925,3,B,1000,0.2,Q3,NSHM 2021,0.05,0.1,Q1,Mu,Manea et al. 2021 unpublished,15,0.3,Q3,1,NSHM (2021) ,375,0.5,Q3,NZVM (2021),0,0.33,0,Southland,,,,,,,,,,,,,,,,,
QRZ,-40.82552162,172.5291478,3,B,1000,0.2,Q3,NSHM 2021,0.05,0.1,Q1,Mn,Manea et al. 2021 unpublished,15,0.3,Q3,1,NSHM (2021) ,325,0.5,Q3,NZVM (2021),1,0,0,Nelson,,,,,,,,,,,,,,,,,
RCBS,-43.557934,172.73265,200,C,433,0.2,Q3,NSHM 2021,0.15,0.2,Q2,Mw,Manea et al. 2021 unpublished,8,0.1,Q2,1,Kaiser et al. (2017),1725,0.3,Q3,NZVM (2021),0,0.5,0,Canterbury,,,,,,,,,,,,,,,,,
REHS,-43.52194686,172.6351465,628,E,155,0.05,Q1,Wotherspoon et al. 2015,4.99,0.1,Q1,Ms,Stolte et al. 2021,645,0.3,Q3,0,NZVM (2021),2575,0.3,Q3,NZVM (2021),0,0,0,Canterbury,,,,,,,,,,,,,,,,,
RHBS,-43.571407,172.75693,226,B,900,0.2,Q3,Kaiser et al. 2014,0.05,0.1,Q1,Mw,Manea et al. 2021 unpublished,9,0.1,Q2,1,Kaiser et al. (2017),1675,0.3,Q3,NZVM (2021),0,0.45,0,Canterbury,,,,,,,,,,,,,,,,,wrong site class - C correct
RHSC,-43.536172,172.564404,480,D,286,0.05,Q1,Wotherspoon et al. 2015,5.2,0.1,Q1,Ma,Wotherspoon et al. 2015,445,0.3,Q3,0,NZVM (2021),1925,0.3,Q3,NZVM (2021),0,0,0,Canterbury,,,,,,,,,,,,,,,,,
RKAC,-43.75146119,172.0231473,933,D,452,0.0496,Q1,Deschenes et al. (2018),6.04,0.1,Q1,I,Stolte et al. 2021,778,0,Q2,0,Deschenes et al. (2018),1825,0.3,Q3,NZVM (2021),0,0,0,Canterbury,,,,,,,,,,,,,,,,,
ROLC,-43.59281802,172.3810928,198,D,447,0.145,Q1,Deschenes et al. (2018),5.89,0.1,Q1,I,Stolte et al. 2021,757,0,Q2,0,Deschenes et al. (2018),1425,0.3,Q3,NZVM (2021),0,0,0,Canterbury,,,,,,,,,,,,,,,,,
RPZ,-43.71460758,171.0538649,259,B,1000,0.2,Q3,NSHM 2021,0.05,0.1,Q1,Mn,Manea et al. 2021 unpublished,15,0.3,Q3,1,NSHM (2021) ,325,0.5,Q3,NZVM (2021),1,0,0,Canterbury,,,,,,,,,,,,,,,,,
RQGS,-41.2965279,174.7811541,65,D,246,0.05,Q1,Kaiser & Louie (2006),0.6,0.1,Q1,Mu,Taber & Richardson 1992,46,0.1,Q2,1,Hill et al. (2021),325,0.3,Q3,NZVM (2021),0,0,0,Wellington,,,,,,,,,,,,,,,,,
RTZ,-38.61544,176.980518,158,B,1000,0.2,Q3,NSHM 2021,0.05,0.1,Q1,I,Manea et al. 2021 unpublished,15,0.3,Q3,1,NSHM (2021) ,425,0.5,Q3,NZVM (2021),0,0.18,0,South Auckland,,,,,,,,,,,,,,,,,
SEAS,-41.326447,174.837638,29,C,305,0.011,Q1,Stolte et al. 2021 unpublished,0.3,0.2,Q2,I,Manea et al. 2021 unpublished,53,0.3,Q3,1,Kaiser et al. (2017) & NZVM (2021),325,0.3,Q3,NZVM (2021),0,0,0,Wellington,,,,,,,,,,,,,,,,,
SECF,-45.220665,166.884842,5,B,1000,0.2,Q3,NSHM 2021,0.05,0.3,Q3,I,NSHM (2021),15,0.3,Q3,1,NSHM (2021) ,375,0.5,Q3,NZVM (2021),0,0,0,Southland,,,,,,,,,,,,,,,,,
SHLC,-43.50533676,172.6633911,298,D,201,0.05,Q1,Wotherspoon et al. 2015,4.96,0.1,Q1,I,Stolte et al. 2021,675,0.3,Q3,0,NZVM (2021),2475,0.3,Q3,NZVM (2021),0,0,0,Canterbury,,,,,,,,,,,,,,,,,
SKFS,-45.89862582,170.5097155,150,E,140,0.1,Q2,Barker 1996,0.69,0.164,Q1,I,Sangster 2020,50,0.3,Q3,1,Kaiser et al. (2017) & NZVM (2021),325,0.3,Q3,NZVM (2021),0,0,1,Otago,,,,,,,,,,,,,,,,,
SLRC,-43.67513,172.31752,194,D,327,0.0793,Q1,Deschenes et al. (2018),4.9,0.1,Q1,I,Stolte et al. 2021,590,0,Q2,0,Deschenes et al. (2018),1825,0.3,Q3,NZVM (2021),0,0,0,Canterbury,,,,,,,,,,,,,,,,,
SMTC,-43.4675293,172.6138611,86,D,219,0.05,Q1,Wotherspoon et al. 2015,6.34,0.1,Q1,Ma,Stolte et al. 2021,695,0.3,Q3,0,NZVM (2021),3375,0.3,Q3,NZVM (2021),0,0,0,Canterbury,,,,,,,,,,,,,,,,,
SOMS,-41.25746,174.865,66,B,1000,0.2,Q3,NSHM 2021,0.05,0.1,Q1,I,Manea et al. 2021 unpublished,15,0.3,Q3,1,NSHM (2021) ,325,0.3,Q3,NZVM (2021),0,0,0,Wellington,,,,,,,,,,,,,,,,,
STKS,-43.606541,172.644913,893,B,1000,0.2,Q3,NSHM 2021,0.05,0.1,Q1,Mw,Manea et al. 2021 unpublished,15,0.3,Q3,1,NSHM (2021) ,1575,0.3,Q3,NZVM (2021),0,0.3,0,Canterbury,,,,,,,,,,,,,,,,,
SWNC,-43.36943258,172.4953554,296,D,546,0.043,Q1,Deschenes et al. (2018),6.68,0.1,Q1,I,Stolte et al. 2021,287,0,Q2,0,Deschenes et al. (2018),3825,0.3,Q3,NZVM (2021),0,0,0,Canterbury,,,,,,,,,,,,,,,,,
SYZ,-46.53689035,169.138823,4,B,800,0.2,Q3,NSHM 2021,0.05,0.1,Q1,I,Manea et al. 2021 unpublished,45,0.5,Q3,1,Kaiser et al. (2017) & NZVM (2021),575,0.5,Q3,NZVM (2021),0,0,0,Southland,,,,,,,,,,,,,,,,,
TAFS,-45.41667367,167.7191112,851,D,298,0.2,Q3,McVerry (2011),2.7,0.1,Q1,I,Manea et al. 2021 unpublished,200,0.5,Q3,1,Kaiser et al. (2017),1325,0.5,Q3,NZVM (2021),0,0,0,Southland,,,,,,,,,,,,,,,,,
TAIS,-41.18038403,174.9547719,427,D,510,0.52,Q1,Stolte et al. 2021 unpublished,0.69,0.1,Q1,Mw,Stolte et al. 2021 unpublished,42,0.686,Q2,1,Stolte et al. (2021) unpublished,275,0.3,Q3,NZVM (2021),0,0,0,Wellington,,,,,,,,,,,,,,,,,
TBCS,-37.70269658,176.1566748,6,D,209,0.039,Q1,Stolte et al. 2021 unpublished,1.15,0.12,Q2,I,Stolte et al. 2021 unpublished,141,0.229,Q2,1,Stolte et al. 2021 unpublished,775,0.5,Q3,NZVM (2021),0,0,0,South Auckland,,,,,,,,,,,,,,,,,
TCW,-41.21036472,174.2763281,50,B,1000,0.2,Q3,NSHM 2021,0.05,0.1,Q1,I,Manea et al. 2021 unpublished,15,0.3,Q3,1,NSHM (2021) ,275,0.5,Q3,NZVM (2021),0,0.25,0,Marlborough,,,,,,,,,,,,,,,,,
TEPS,-41.29058776,174.7810642,323,D,292,0.15,Q1,Vantassel & Cox 2018,0.99,0.1,Q1,Ms,Kaiser et al 2019,103,0.1,Q2,1,Hill et al. (2021),325,0.3,Q3,NZVM (2021),0,0,0,Wellington,,,,,,,,,,,,,,,,,
TFSS,-41.27542742,174.7830542,21,D,271,0.01,Q1,Site Investigations (2023),1.73,0.2,Q2,Mw,Kaiser et al 2019,157,0.1,Q2,1,Hill et al. (2021),325,0.3,Q3,NZVM (2021),0,0,0,Wellington,,,,,,,,,,,,,,,,,
THZ,-41.76247413,172.9052183,5,B,800,0.2,Q3,NSHM 2021,0.05,0.1,Q1,Mn,Manea et al. 2021 unpublished,28,0.3,Q3,1,Kaiser et al. (2017) & NZVM (2021),275,0.3,Q3,NZVM (2021),1,0,0,Nelson,,,,,,,,,,,,,,,,,
TIRS,-38.46891053,175.9097091,374,C,600,0.2,Q3,Cousins et al. (2006),0.55,0.1,Q1,I,Manea et al. 2021 unpublished,33,0.5,Q3,1,Kaiser et al. (2017) & NZVM (2021),1425,0.5,Q3,NZVM (2021),0,0,0,South Auckland,,,,,,,,,,,,,,,,,
TMDS,-41.07808378,175.1554398,72,B,800,0.2,Q3,NSHM 2021,0.05,0.3,Q3,Mw,NSHM (2021),10,0.5,Q3,1,Kaiser et al. (2017),325,0.5,Q3,NZVM (2021),0,0.35,0,Wellington,,,,,,,,,,,,,,,,,
TOTS,-41.10492,175.08539,431,D,500,0.2,Q3,NSHM 2021,1,0.3,Q3,I,Kaiser et al. 2017,22,0.1,Q2,1,Hill et al. (2018),325,0.3,Q3,NZVM (2021),0,0,0,Wellington,,,,,,,,,,,,,,,,,
TOZ,-37.73095563,175.5018468,802,B,800,0.2,Q3,NSHM 2021,0.05,0.3,Q3,I,NSHM (2021),0,0.3,Q3,1,Kaiser et al. (2017),375,0.3,Q3,NZVM (2021),0,0,0,South Auckland,,,,,,,,,,,,,,,,,
TPLC,-43.54999716,172.4719542,278,D,398,0.112,Q1,Deschenes et al. (2018),5.46,0.1,Q1,I,Stolte et al. 2021,787,0,Q2,0,Deschenes et al. (2018),1475,0.3,Q3,NZVM (2021),0,0,0,Canterbury,,,,,,,,,,,,,,,,,
TPPS,-38.68632513,176.0674702,301,C,454,0.2,Q3,McVerry (2011),0.15,0.3,Q3,Mw,Unpub HVSR (Van Houtte),43,0.5,Q3,1,Kaiser et al. (2017) & NZVM (2021),2125,0.5,Q3,NZVM (2021),0,0,0,South Auckland,,,,,,,,,,,,,,,,,
TSZ,-40.0585531,175.9611239,335,B,800,0.2,Q3,NSHM 2021,0.05,0.3,Q3,Mw,NSHM (2021),0,0.5,Q3,1,Kaiser et al. (2017),275,0.5,Q3,NZVM (2021),0,0,0,Wellington,,,,,,,,,,,,,,,,,
UHCS,-41.12681462,175.0409381,3,D,390,0.025,Q1,Stolte et al. 2021 unpublished,2,0.2,Q2,Mw,Unpub HVSR (Van Houtte),136,0.295,Q2,0,Stolte et al. (2021) unpublished,325,0.3,Q3,NZVM (2021),0,0,0,Wellington,,,,,,,,,,,,,,,,,
UHSS,-41.12638,175.06509,19,D,481,0.027,Q1,Stolte et al. 2021 unpublished,0.9,0.13,Q2,Mw,Stolte et al. 2021 unpublished,104,0.177,Q2,1,Stolte et al. (2021) unpublished,325,0.3,Q3,NZVM (2021),0,0,0,Wellington,,,,,,,,,,,,,,,,,
URZ,-38.25924909,177.1108945,12,B,800,0.2,Q3,NSHM 2021,0.05,0.1,Q1,Mn,Manea et al. 2021 unpublished,0,0.5,Q3,1,Kaiser et al. (2017),275,0.5,Q3,NZVM (2021),1,0,0,South Auckland,,,,,,,,,,,,,,,,,
VUWS,-41.279854,174.778399,945,D,286,0.098,Q1,Vantassel & Cox 2018,0.87,0.2,Q2,Mw,Kaiser et al. 2019,70,0.32,Q2,1,Vantassel & Cox (2018),325,0.3,Q3,NZVM (2021),0,0,0,Wellington,,,,,,,,,,,,,,,,,
WANS,-41.23121,174.93102,624,B,1000,0.2,Q3,NSHM 2021,0.05,0.1,Q1,Ms,Manea et al. 2021 unpublished,15,0.3,Q3,1,NSHM (2021) ,275,0.5,Q3,NZVM (2021),0,0.2,0,Wellington,,,,,,,,,,,,,,,,,
WBFS,-40.40088128,176.311147,81,B,800,0.2,Q3,Cousins et al. (2006),0.05,0.1,Q1,I,Manea et al. 2021 unpublished,24,0.5,Q3,1,Kaiser et al. (2017) & NZVM (2021),325,0.5,Q3,NZVM (2021),0,0,0,Hawkes Bay,,,,,,,,,,,,,,,,,
WCDS,-39.93363836,175.047993,817,D,250,0.2,Q3,McVerry (2011),1.2,0.1,Q1,Mw,Manea et al. 2021 unpublished,88,0.5,Q3,1,Kaiser et al. (2017) & NZVM (2021),3625,0.5,Q3,NZVM (2021),0,0,0,Wellington,,,,,,,,,,,,,,,,,
WDAS,-41.25739739,174.9484664,4,E,120,0.05,Q1,Stephenson & Barker 1992,1.25,0.1,Q1,Mu,Manea et al. 2021 unpublished,62,0.1,Q2,1,Kaiser et al. (2017),275,0.3,Q3,NZVM (2021),0,0,0,Wellington,,,,,,,,,,,,,,,,,
WDPS,-40.33821894,175.8698017,130,D,290,0.2,Q3,McVerry (2011),1.8,0.11,Q2,Mw,Unpub HVSR (Van Houtte),83,0.5,Q3,1,Kaiser et al. (2017) & NZVM (2021),275,0.5,Q3,NZVM (2021),0,0,0,Hawkes Bay,,,,,,,,,,,,,,,,,
WEMS,-41.27428738,174.7792642,55,D,265,0.05,Q1,Kaiser & Louie (2006),0.98,0.2,Q2,Mw,Kaiser et al 2019,128,0.1,Q2,1,Hill et al. (2021),325,0.3,Q3,NZVM (2021),0,0,0,Wellington,,,,,,,,,,,,,,,,,
WFSS,-39.03424496,177.4249057,42,D,155,0.1,Q2,Barker 1994,1,0.1,Q1,I,Manea et al. 2021 unpublished,98,0.5,Q3,1,Kaiser et al. (2017) & NZVM (2021),8825,0.5,Q3,NZVM (2021),0,0,0,Hawkes Bay,,,,,,,,,,,,,,,,,
WIGC,-42.70118655,172.8003026,1250,D,478,0.017,Q1,Stolte et al. 2021 unpublished,1.2,0.1,Q2,Mw,Kaiser et al. (2013),69,0.096,Q2,0,Stolte et al. (2021) unpublished,475,0.3,Q3,NZVM (2021),0,0,0,Canterbury,,,,,,,,,,,,,,,,,
WKZ,-44.82702135,169.017562,6,B,1000,0.2,Q3,NSHM 2021,0.05,0.1,Q1,I,Manea et al. 2021 unpublished,15,0.3,Q3,1,NSHM (2021) ,275,0.5,Q3,NZVM (2021),1,0,0,Otago,,,,,,,,,,,,,,,,,
WNAS,-41.32640865,174.8090344,2,D,229,0.02,Q1,Stolte et al. 2021 unpublished,1.12,0.03,Q1,Mw,Stolte et al. 2021 unpublished,66,0.05,Q2,1,Stolte et al. (2021) unpublished,325,0.3,Q3,NZVM (2021),0,0,0,Wellington,,,,,,,,,,,,,,,,,
WNHS,-41.30077798,174.775514,8,C,493,0.02,Q1,Stolte et al. 2021 unpublished,0.32,0.042,Q1,Mw,Stolte et al. 2021 unpublished,50,0.05,Q2,1,Stolte et al. (2021) unpublished,325,0.5,Q3,NZVM (2021),0,0,0,Wellington,,,,,,,,,,,,,,,,,
WNKS,-41.28481753,174.7420537,261,C,369,0.008,Q1,Stolte et al. 2021 unpublished,0.31,0.33,Q1,Ms,Stolte et al. 2021 unpublished,39,0.067,Q1,1,Stolte et al. (2021) unpublished,325,0.5,Q3,NZVM (2021),0,0,0,Wellington,,,,,,,,,,,,,,,,,
WNPS,-44.69458812,169.1429644,229,D,330,0.2,Q3,McVerry (2011),3.4,0.1,Q1,I,Manea et al. 2021 unpublished,253,0.3,Q3,1,Kaiser et al. (2017) & NZVM (2021),275,0.3,Q3,NZVM (2021),0,0,0,Otago,,,,,,,,,,,,,,,,,
WTMC,-42.61945518,173.0535962,464,D,504,0.032,Q1,Stolte et al. 2021 unpublished,0.58,0.17,Q1,I,Stolte et al. 2021 unpublished,87,0.473,Q2,0,Stolte et al. (2021) unpublished,1525,0.3,Q3,NZVM (2021),0,0,0,Canterbury,,,,,,,,,,,,,,,,,
WVAS,-43.07155022,170.7371542,256,D,270,0.2,Q3,Cousins et al. (2006),0.6,0.3,Q3,I,Cousins et al. (1996),58,0.5,Q3,1,Kaiser et al. (2017) & NZVM (2021),275,0.5,Q3,NZVM (2021),0,0,0,Westland,,,,,,,,,,,,,,,,,
WVZ,-43.07435029,170.7367542,117,B,1000,0.2,Q3,NSHM 2021,0.05,0.1,Q1,I,Manea et al. 2021 unpublished,15,0.3,Q3,1,NSHM (2021) ,275,0.5,Q3,NZVM (2021),0,0,0,Westland,,,,,,,,,,,,,,,,,
ABAZ,-36.600224,174.8323329,29,B,800,0.2,Q3,NSHM 2021,0.05,0.1,Q1,I,Manea et al. 2021 unpublished,55,0.5,Q3,1,NZVM (2021),625,0.5,Q3,NZVM (2021),0,0.2,1,North Auckland,,,,,,,,,,,,,,,,,
AMCZ,-43.17654,172.65146,602,B,800,0.2,Q3,NSHM 2021,0.05,0.1,Q1,I,Manea et al. 2021 unpublished,65,0.3,Q3,1,NZVM (2021),2575,0.3,Q3,NZVM (2021),0,0,1,Canterbury,,,,,,,,,,,,,,,,,
APZ,-46.83180552,167.9888255,9,A,1500,0.2,Q3,NSHM 2021,0.05,0.1,Q1,I,Manea et al. 2021 unpublished,5,0.05,Q3,1,NSHM (2021) ,875,0.5,Q3,NZVM (2021),1,0,0,Southland,,,,,,,,,,,,,,,,,
ARAZ,-38.62769,176.12006,1480,C,409,0.2,Q3,NSHM 2021,0.2,0.1,Q1,I,Manea et al. 2021 unpublished,55,0.5,Q3,1,NZVM (2021),1975,0.5,Q3,NZVM (2021),0,0,1,South Auckland,,,,,,,,,,,,,,,,,
AXZ,-45.26557443,169.3312735,7,B,1000,0.2,Q3,NSHM 2021,0.05,0.1,Q1,I,Manea et al. 2021 unpublished,15,0.3,Q3,1,NSHM (2021) ,275,0.5,Q3,NZVM (2021),1,0,0,Otago,,,,,,,,,,,,,,,,,
BCOF,-44.7949436,167.4694075,942,A,1500,0.2,Q3,NSHM 2021,0.05,0.1,Q1,I,Manea et al. 2021 unpublished,5,0.05,Q3,1,NSHM (2021) ,1225,0.5,Q3,NZVM (2021),0,0,0,Southland,,,,,,,,,,,,,,,,,
BHHZ,-39.489284,176.0629288,537,B,800,0.2,Q3,NSHM 2021,0.05,0.1,Q1,I,Manea et al. 2021 unpublished,55,0.5,Q3,1,NZVM (2021),825,0.5,Q3,NZVM (2021),1,0,0,Wellington,,,,,,,,,,,,,,,,,
BRAH,-43.99733906,169.0173769,18,A,1500,0.2,Q3,NSHM 2021,0.05,0.3,Q3,I,NSHM (2021),5,0.05,Q3,1,NSHM (2021) ,325,0.5,Q3,NZVM (2021),0,0,0,Westland,,,,,,,,,,,,,,,,,
BRKS,-45.57481679,166.7410863,2,A,1500,0.2,Q3,NSHM 2021,0.05,0.3,Q3,I,NSHM (2021),5,0.05,Q3,1,NSHM (2021) ,525,0.5,Q3,NZVM (2021),0,0,0,Southland,,,,,,,,,,,,,,,,,
CMWZ,-41.74901708,174.213825,608,B,800,0.2,Q3,NSHM 2021,0.05,0.1,Q1,I,Manea et al. 2021 unpublished,95,0.3,Q3,1,NZVM (2021),5325,0.3,Q3,NZVM (2021),0,0,0,Marlborough,,,,,,,,,,,,,,,,,
COHF,-45.14706367,166.956243,25,A,1500,0.2,Q3,NSHM 2021,0.05,0.3,Q3,I,NSHM (2021),5,0.05,Q3,1,NSHM (2021) ,325,0.5,Q3,NZVM (2021),0,0,0,Southland,,,,,,,,,,,,,,,,,
CPWZ,-40.9098,176.2016,19,B,1000,0.2,Q3,NSHM 2021,0.05,0.1,Q1,I,Manea et al. 2021 unpublished,15,0.3,Q3,1,NSHM (2021) ,8775,0.5,Q3,NZVM (2021),0,0.66,0,Wellington,,,,,,,,,,,,,,,,,
CRSZ,-42.14457,173.8154,3,B,1000,0.2,Q3,NSHM 2021,0.05,0.1,Q1,I,Manea et al. 2021 unpublished,15,0.3,Q3,1,NSHM (2021) ,2325,0.5,Q3,NZVM (2021),0,0.7,0,Marlborough,,,,,,,,,,,,,,,,,
CS2F,-45.05136141,167.0748451,36,A,1500,0.2,Q3,NSHM 2021,0.05,0.3,Q3,I,NSHM (2021),5,0.05,Q3,1,NSHM (2021) ,375,0.5,Q3,NZVM (2021),0,0,0,Southland,,,,,,,,,,,,,,,,,
DAGG,-45.41491224,166.8417339,483,A,1500,0.2,Q3,NSHM 2021,0.05,0.3,Q3,I,NSHM (2021),5,0.05,Q3,1,NSHM (2021) ,275,0.5,Q3,NZVM (2021),0,0,0,Southland,,,,,,,,,,,,,,,,,
DKCV,-45.72383077,166.6405217,3,A,1500,0.2,Q3,NSHM 2021,0.05,0.3,Q3,I,NSHM (2021),5,0.05,Q3,1,NSHM (2021) ,675,0.5,Q3,NZVM (2021),0,0,0,Southland,,,,,,,,,,,,,,,,,
DRZ,-39.27527581,175.5635419,1129,B,1000,0.2,Q3,NSHM 2021,0.05,0.1,Q1,I,Manea et al. 2021 unpublished,15,0.3,Q3,1,NSHM (2021) ,325,0.5,Q3,NZVM (2021),0,1.15,1,Wellington,,,,,,,,,,,,,,,,,
ELDF,-44.9035557,167.319814,59,A,1500,0.2,Q3,NSHM 2021,0.05,0.1,Q1,I,Manea et al. 2021 unpublished,5,0.05,Q3,1,NSHM (2021) ,975,0.5,Q3,NZVM (2021),1,0,0,Southland,,,,,,,,,,,,,,,,,
ETAZ,-36.9535,174.9278,242,B,1000,0.2,Q3,NSHM 2021,0.05,0.3,Q3,I,NSHM (2021),15,0.3,Q3,1,NSHM (2021) ,825,0.5,Q3,NZVM (2021),0,0,0,North Auckland,,,,,,,,,,,,,,,,,
FBYF,-45.30306757,166.8220402,315,A,1500,0.2,Q3,NSHM 2021,0.05,0.3,Q3,I,NSHM (2021),5,0.05,Q3,1,NSHM (2021) ,375,0.5,Q3,NZVM (2021),0,0,0,Southland,,,,,,,,,,,,,,,,,
HBAZ,-36.85013,174.73041,127,B,800,0.2,Q3,NSHM 2021,0.05,0.3,Q3,I,NSHM (2021),65,0.5,Q3,1,NZVM (2021),1175,0.5,Q3,NZVM (2021),0,0,0,North Auckland,,,,,,,,,,,,,,,,,
HHSZ,-45.88435567,170.5977667,197,A,1500,0.2,Q3,NSHM 2021,0.05,0.1,Q1,I,Manea et al. 2021 unpublished,5,0.05,Q3,1,NSHM (2021) ,375,0.5,Q3,NZVM (2021),0,0,1,Otago,,,,,,,,,,,,,,,,,
HIZ,-38.51292897,174.8556861,6,B,800,0.2,Q3,NSHM 2021,0.05,0.1,Q1,I,Manea et al. 2021 unpublished,45,0.5,Q3,1,NZVM (2021),475,0.5,Q3,NZVM (2021),0,0,0,South Auckland,,,,,,,,,,,,,,,,,
HRRZ,-38.39012983,176.2837539,340,B,800,0.2,Q3,NSHM 2021,0.05,0.1,Q1,I,Manea et al. 2021 unpublished,35,0.5,Q3,1,NZVM (2021),1725,0.5,Q3,NZVM (2021),0,0.9,1,South Auckland,,,,,,,,,,,,,,,,,
KAAZ,-36.82227751,174.7036106,25,B,800,0.2,Q3,NSHM 2021,0.05,0.3,Q3,I,NSHM (2021),75,0.5,Q3,1,NZVM (2021),1225,0.5,Q3,NZVM (2021),0,0,0,North Auckland,,,,,,,,,,,,,,,,,
KMRZ,-37.8456,175.9416,357,C,467,0.2,Q3,NSHM 2021,0.132,0.1,Q1,I,Manea et al. 2021 unpublished,55,0.5,Q3,1,NZVM (2021),1425,0.5,Q3,NZVM (2021),0,0,0,South Auckland,,,,,,,,,,,,,,,,,
KWHZ,-39.424,176.4228,37,B,800,0.2,Q3,NSHM 2021,0.05,0.1,Q1,I,Manea et al. 2021 unpublished,55,0.5,Q3,1,NZVM (2021),1225,0.5,Q3,NZVM (2021),0,0.22,0,Hawkes Bay,,,,,,,,,,,,,,,,,
LFRZ,-45.9164967,166.5146537,12,A,1500,0.2,Q3,NSHM 2021,0.05,0.3,Q3,I,NSHM (2021),5,0.05,Q3,1,NSHM (2021) ,675,0.5,Q3,NZVM (2021),0,0,0,Southland,,,,,,,,,,,,,,,,,
LMZ,-43.71503243,169.2695818,24,B,800,0.2,Q3,NSHM 2021,0.05,0.3,Q3,I,NSHM (2021),65,0.5,Q3,1,NZVM (2021),375,0.5,Q3,NZVM (2021),0,0,0,Westland,,,,,,,,,,,,,,,,,
LSTC,-45.98458807,166.7801168,19,A,1500,0.2,Q3,NSHM 2021,0.05,0.3,Q3,I,NSHM (2021),5,0.05,Q3,1,NSHM (2021) ,375,0.5,Q3,NZVM (2021),0,0,0,Southland,,,,,,,,,,,,,,,,,
MBAZ,-36.768787,174.897918,437,B,1000,0.2,Q3,NSHM 2021,0.05,0.3,Q3,I,NSHM (2021),15,0.3,Q3,1,NSHM (2021) ,625,0.5,Q3,NZVM (2021),0,0,0,North Auckland,,,,,,,,,,,,,,,,,
MHEZ,-39.07604887,174.3230474,11,B,1000,0.2,Q3,NSHM 2021,0.05,0.1,Q1,I,Manea et al. 2021 unpublished,15,0.3,Q3,1,NSHM (2021) ,1675,0.5,Q3,NZVM (2021),0,0,0,Taranaki,,,,,,,,,,,,,,,,,
MHGZ,-39.15255834,177.9070012,503,B,1000,0.2,Q1,NSHM 2021,0.05,0.1,Q1,I,Manea et al. 2021 unpublished,15,0.3,Q3,1,NSHM (2021) ,9525,0.5,Q3,NZVM (2021),0,0,0,Hawkes Bay,,,,,,,,,,,,,,,,,
MKAZ,-37.10413,175.16117,1560,B,800,0.2,Q2,NSHM 2021,0.05,0.1,Q1,I,Manea et al. 2021 unpublished,55,0.5,Q3,1,NZVM (2021),375,0.5,Q3,NZVM (2021),1,0,0,North Auckland,,,,,,,,,,,,,,,,,
MOZ,-38.50402867,174.8031755,386,B,800,0.2,Q2,NSHM 2021,0.05,0.1,Q1,I,Manea et al. 2021 unpublished,45,0.5,Q3,1,NZVM (2021),375,0.5,Q3,NZVM (2021),0,0,0,South Auckland,,,,,,,,,,,,,,,,,
NMHZ,-39.09705493,176.8065179,3,B,800,0.2,Q3,NSHM 2021,0.05,0.1,Q1,I,Manea et al. 2021 unpublished,65,0.5,Q3,1,NZVM (2021),4625,0.5,Q3,NZVM (2021),0,0.5,0,Hawkes Bay,,,,,,,,,,,,,,,,,
NOZ,-38.61623791,178.0369146,463,B,1000,0.2,Q3,NSHM 2021,0.05,0.3,Q3,I,NSHM (2021),15,0.3,Q3,1,NSHM (2021) ,10925,0.5,Q3,NZVM (2021),0,0,0,Gisborne,,,,,,,,,,,,,,,,,
NTVZ,-39.0984817,175.6759733,463,B,1000,0.2,Q3,NSHM 2021,0.05,0.1,Q1,I,Manea et al. 2021 unpublished,15,0.3,Q3,1,NSHM (2021) ,1225,0.5,Q3,NZVM (2021),0,0.43,0,Wellington,,,,,,,,,,,,,,,,,
OGWZ,-40.81668792,175.170301,98,B,1000,0.2,Q3,NSHM 2021,0.05,0.1,Q1,I,Manea et al. 2021 unpublished,15,0.3,Q3,1,NSHM (2021) ,275,0.5,Q3,NZVM (2021),0,0,0,Wellington,,,,,,,,,,,,,,,,,
OKCZ,-43.72325,173.05951,703,A,1500,0.2,Q3,NSHM 2021,0.05,0.1,Q1,I,Manea et al. 2021 unpublished,5,0.05,Q3,1,NSHM (2021) ,1975,0.3,Q3,NZVM (2021),0,0,0,Canterbury,,,,,,,,,,,,,,,,,
OKUC,-43.780667,172.831319,103,A,1500,0.2,Q3,NSHM 2021,0.05,0.1,Q1,I,Manea et al. 2021 unpublished,5,0.3,Q3,1,NZVM (2021),1675,0.3,Q3,NZVM (2021),0,0,0,Canterbury,,,,,,,,,,,,,,,,,
OTAZ,-36.94940025,174.9248827,104,B,800,0.2,Q3,NSHM 2021,0.05,0.3,Q3,I,NSHM (2021),65,0.5,Q3,1,NZVM (2021),875,0.5,Q3,NZVM (2021),0,0,0,North Auckland,,,,,,,,,,,,,,,,,
OUZ,-35.21968871,173.5961334,177,B,1000,0.2,Q3,NSHM 2021,0.05,0.1,Q1,I,Manea et al. 2021 unpublished,15,0.3,Q3,1,NSHM (2021) ,275,0.5,Q3,NZVM (2021),1,0,0,North Auckland,,,,,,,,,,,,,,,,,
POWZ,-40.39171988,175.7679902,364,B,800,0.2,Q3,NSHM 2021,0.05,0.1,Q1,I,Manea et al. 2021 unpublished,45,0.5,Q3,1,NZVM (2021),275,0.5,Q3,NZVM (2021),0,0.33,0,Wellington,,,,,,,,,,,,,,,,,
PRGZ,-38.92259366,177.8832817,223,B,1000,0.2,Q3,NSHM 2021,0.05,0.1,Q1,I,Manea et al. 2021 unpublished,15,0.3,Q3,1,NSHM (2021) ,9075,0.5,Q3,NZVM (2021),0,0,0,Gisborne,,,,,,,,,,,,,,,,,
RAGZ,-38.4956,177.4154,184,B,800,0.2,Q3,NSHM 2021,0.05,0.1,Q1,I,Manea et al. 2021 unpublished,45,0.5,Q3,1,NZVM (2021),325,0.5,Q3,NZVM (2021),0,0.2,0,Gisborne,,,,,,,,,,,,,,,,,
RAHZ,-38.91616189,177.0860219,1410,B,800,0.2,Q3,NSHM 2021,0.05,0.1,Q1,I,Manea et al. 2021 unpublished,55,0.5,Q3,1,NZVM (2021),3075,0.5,Q3,NZVM (2021),0,0,0,Gisborne,,,,,,,,,,,,,,,,,
RONF,-44.676153,167.7048547,520,A,1500,0.2,Q3,NSHM 2021,0.05,0.1,Q1,I,Manea et al. 2021 unpublished,5,0.05,Q3,1,NSHM (2021) ,1275,0.5,Q3,NZVM (2021),0,0,0,Southland,,,,,,,,,,,,,,,,,
RUGF,-44.7243441,167.6433874,60,A,1500,0.2,Q3,NSHM 2021,0.05,0.1,Q1,I,Manea et al. 2021 unpublished,5,0.05,Q3,1,NSHM (2021) ,1425,0.5,Q3,NZVM (2021),0,0,0,Southland,,,,,,,,,,,,,,,,,
SCLF,-45.27056716,166.9727424,346,A,1500,0.2,Q3,NSHM 2021,0.05,0.3,Q3,I,NSHM (2021),5,0.05,Q3,1,NSHM (2021) ,825,0.5,Q3,NZVM (2021),0,0,0,Southland,,,,,,,,,,,,,,,,,
SPCV,-45.70500609,166.9225235,129,A,1500,0.2,Q3,NSHM 2021,0.05,0.3,Q3,I,NSHM (2021),5,0.05,Q3,1,NSHM (2021) ,1025,0.5,Q3,NZVM (2021),0,0,0,Southland,,,,,,,,,,,,,,,,,
TANF,-44.9867539,167.1866309,86,A,1500,0.2,Q3,NSHM 2021,0.05,0.1,Q1,I,Manea et al. 2021 unpublished,5,0.05,Q3,1,NSHM (2021) ,1275,0.5,Q3,NZVM (2021),0,0.2,0,Southland,,,,,,,,,,,,,,,,,
TIKO,-34.52995663,172.8646676,185,B,1000,0.2,Q3,NSHM 2021,0.05,0.3,Q3,I,NSHM (2021),15,0.3,Q3,1,NSHM (2021) ,275,0.5,Q3,NZVM (2021),0,0,0,North Auckland,,,,,,,,,,,,,,,,,
TIWZ,-40.77604863,175.8856602,61,B,1000,0.2,Q3,NSHM 2021,0.05,0.1,Q1,I,Manea et al. 2021 unpublished,15,0.3,Q3,1,NSHM (2021) ,375,0.5,Q3,NZVM (2021),0,0,0,Wellington,,,,,,,,,,,,,,,,,
TON8,-39.0984817,175.6759733,198,B,1000,0.2,Q3,NSHM 2021,0.05,0.1,Q1,I,Manea et al. 2021 unpublished,15,0.3,Q3,1,NSHM (2021) ,1225,0.5,Q3,NZVM (2021),0,0.43,0,Wellington,,,,,,,,,,,,,,,,,
TUWZ,-41.42938895,173.9428929,5,B,1000,0.2,Q3,NSHM 2021,0.05,0.1,Q1,I,Manea et al. 2021 unpublished,15,0.3,Q3,1,NSHM (2021) ,325,0.5,Q3,NZVM (2021),0,0,0,Marlborough,,,,,,,,,,,,,,,,,
TWGZ,-38.1767,177.9804,540,B,800,0.2,Q3,NSHM 2021,0.05,0.1,Q1,I,Manea et al. 2021 unpublished,65,0.5,Q3,1,NZVM (2021),5075,0.5,Q3,NZVM (2021),0,0.42,0,Gisborne,,,,,,,,,,,,,,,,,
WIAZ,-36.793,175.1339,114,B,1000,0.2,Q3,NSHM 2021,0.05,0.1,Q1,I,Manea et al. 2021 unpublished,15,0.3,Q3,1,NSHM (2021) ,925,0.5,Q3,NZVM (2021),0,0.31,0,North Auckland,,,,,,,,,,,,,,,,,
WSRZ,-37.51811,177.177805,255,B,1000,0.2,Q3,NSHM 2021,0.05,0.1,Q1,I,Manea et al. 2021 unpublished,15,0.3,Q3,1,NSHM (2021) ,75,0.5,Q3,NZVM (2021),0,0.4,0,South Auckland,,,,,,,,,,,,,,,,,
WTAZ,-36.93241912,174.5733686,95,B,1000,0.2,Q3,NSHM 2021,0.05,0.3,Q3,I,NSHM (2021),15,0.3,Q3,1,NSHM (2021) ,1125,0.5,Q3,NZVM (2021),0,0,0,North Auckland,,,,,,,,,,,,,,,,,
ZIHA,-43.88533622,169.0497779,54,A,1500,0.2,Q3,NSHM 2021,0.05,0.3,Q3,I,NSHM (2021),5,0.05,Q3,1,NSHM (2021) ,325,0.5,Q3,NZVM (2021),0,0,0,Westland,,,,,,,,,,,,,,,,,
AC3A,-42.08760253,173.1663401,981,B,800,0.2,Q3,NSHM 2021,0.05,0.1,Q1,I,Manea et al. 2021 unpublished,55,0.5,Q3,1,NZVM (2021),375,0.5,Q3,NZVM (2021),0,0,0,Marlborough,,,,,,,,,,,,,,,,,
AKUS,-36.85315821,174.7704513,30,B,800,0.2,Q3,NSHM 2021,0.05,0.3,Q3,I,NSHM (2021),55,0.5,Q3,1,NZVM (2021),1175,0.5,Q3,NZVM (2021),0,0,0,North Auckland,,,,,,,,,,,,,,,,,
CREC,-39.7960594,176.8248956,101,B,800,0.2,Q3,NSHM 2021,0.05,0.3,Q3,I,NSHM (2021),95,0.5,Q3,1,NZVM (2021),5175,0.5,Q3,NZVM (2021),0,0,0,Hawkes Bay,,,,,,,,,,,,,,,,,
FRBF,-45.34086872,166.8500403,713,A,1500,0.2,Q3,NSHM 2021,0.05,0.3,Q3,I,NSHM (2021),5,0.05,Q3,1,NSHM (2021) ,975,0.5,Q3,NZVM (2021),0,0,0,Southland,,,,,,,,,,,,,,,,,
HBHS,-37.785638,175.295136,39,D,182,0.1,Q1,Cave (2020),3.2,0.02,Q1,I,Cave (2020),396,0.1,Q2,1,Cave (2020),975,0.3,Q3,NZVM (2021),0,0,0,South Auckland,,,,,,,,,,,,,,,,,
KAPS,-36.82229752,174.7036606,96,B,1000,0.2,Q3,NSHM 2021,0.05,0.1,Q1,I,Manea et al. 2021 unpublished,15,0.3,Q3,1,NSHM (2021) ,1225,0.5,Q3,NZVM (2021),0,0.46,0,North Auckland,,,,,,,,,,,,,,,,,
KONC,-39.45825192,176.6254943,183,B,1000,0.2,Q3,NSHM 2021,0.05,0.3,Q3,I,NSHM (2021),15,0.3,Q3,1,NSHM (2021) ,5225,0.5,Q3,NZVM (2021),0,0,0,Hawkes Bay,,,,,,,,,,,,,,,,,
LPIH,-38.97404309,177.104902,285,B,800,0.2,Q3,NSHM 2021,0.05,0.3,Q3,I,NSHM (2021),55,0.5,Q3,1,NZVM (2021),4225,0.5,Q3,NZVM (2021),0,0,0,Gisborne,,,,,,,,,,,,,,,,,
LWON,-39.46244979,175.6189819,765,B,800,0.2,Q3,NSHM 2021,0.05,0.3,Q3,I,NSHM (2021),65,0.5,Q3,1,NZVM (2021),775,0.5,Q3,NZVM (2021),0,0,0,Wellington,,,,,,,,,,,,,,,,,
MAGS,-36.88533866,174.7260406,31,C,584,0.2,Q3,NSHM 2021,0.4,0.3,Q3,I,NSHM (2021),55,0.5,Q3,1,NZVM (2021),1075,0.5,Q3,NZVM (2021),0,0,0,North Auckland,,,,,,,,,,,,,,,,,
MTNF,-45.14716395,167.0418441,912,A,1500,0.2,Q3,NSHM 2021,0.05,0.3,Q3,I,NSHM (2021),5,0.05,Q3,1,NSHM (2021) ,1225,0.5,Q3,NZVM (2021),0,0,0,Southland,,,,,,,,,,,,,,,,,
ORPS,-46.286797,167.76512,73,B,1000,0.2,Q3,NSHM 2021,0.05,0.3,Q3,I,NSHM (2021),15,0.3,Q3,1,NSHM (2021) ,525,0.5,Q3,NZVM (2021),0,0,0,Southland,,,,,,,,,,,,,,,,,
PAHZ,-38.85744065,177.0544017,561,B,1000,0.2,Q3,NSHM 2021,0.05,0.3,Q3,I,NSHM (2021),15,0.3,Q3,1,NSHM (2021) ,1775,0.5,Q3,NZVM (2021),0,0,0,Gisborne,,,,,,,,,,,,,,,,,
RLNS,-45.6876,166.68593,1058,A,1500,0.2,Q3,NSHM 2021,0.05,0.1,Q1,I,Manea et al. 2021 unpublished,5,0.05,Q3,1,NSHM (2021) ,1175,0.5,Q3,NZVM (2021),0,0,0,Southland,,,,,,,,,,,,,,,,,
SCTS,-45.265788,166.951482,1177,A,1500,0.2,Q3,NSHM 2021,0.05,0.3,Q3,I,NSHM (2021),5,0.05,Q3,1,NSHM (2021) ,1325,0.5,Q3,NZVM (2021),0,0,0,Southland,,,,,,,,,,,,,,,,,
TAPC,-38.8295403,177.149403,234,B,800,0.2,Q3,NSHM 2021,0.05,0.3,Q3,I,NSHM (2021),45,0.5,Q3,1,NZVM (2021),1825,0.5,Q3,NZVM (2021),0,0,0,Gisborne,,,,,,,,,,,,,,,,,
TENS,-42.21496,172.79019,1807,B,800,0.2,Q3,NSHM 2021,0.05,0.1,Q1,I,Manea et al. 2021 unpublished,45,0.5,Q3,1,NZVM (2021),325,0.5,Q3,NZVM (2021),0,0.5,0,Nelson,,,,,,,,,,,,,,,,,
TLBF,-44.98736001,167.187247,942,A,1500,0.2,Q3,NSHM 2021,0.05,0.3,Q3,I,NSHM (2021),5,0.05,Q3,1,NSHM (2021) ,1275,0.5,Q3,NZVM (2021),0,0,0,Southland,,,,,,,,,,,,,,,,,
TUIC,-38.8295403,177.149703,230,B,800,0.2,Q3,NSHM 2021,0.05,0.3,Q3,I,NSHM (2021),45,0.5,Q3,1,NZVM (2021),1825,0.5,Q3,NZVM (2021),0,0,0,Gisborne,,,,,,,,,,,,,,,,,
WBHS,-35.71495819,174.31694,20,B,800,0.2,Q3,NSHM 2021,0.05,0.3,Q3,I,NSHM (2021),2,0.01,Q1,1,SI Data (2021),325,0.5,Q3,NZVM (2021),0,0,0,North Auckland,,,,,,,,,,,,,,,,,
WVZS,-43.0747203,170.7359041,87,B,1000,0.2,Q3,NSHM 2021,0.05,0.3,Q3,I,NSHM (2021),5,0.05,Q3,1,NSHM (2021) ,275,0.5,Q3,NZVM (2021),0,0,0,Westland,,,,,,,,,,,,,,,,,
CSSR,-41.6058,173.83516,374,B,1000,0.2,Q3,NSHM 2021,0.05,0.1,Q1,I,Manea et al. 2021 unpublished,15,0.3,Q3,1,NSHM (2021) ,375,0.5,Q3,NZVM (2021),0,0.17,0,Marlborough,,,,,,,,,,,,,,,,,
SM1F,-42.0605,173.41415,1063,B,1000,0.2,Q3,NSHM 2021,0.05,0.3,Q3,I,NSHM (2021),15,0.3,Q3,1,NSHM (2021) ,1325,0.5,Q3,NZVM (2021),0,0,0,Marlborough,,,,,,,,,,,,,,,,,
CPLB,-41.278806,174.78209,2,D,244,0.01,Q1,Stolte et al. 2023 unpublished,1.21,0.11,Q1,Ma,Kaiser et al. 2019,247,0.1,Q2,1,Hill et al. (2021),325,0.3,Q3,NZVM (2021),0,0,0,Wellington,,,,,,,,,,,,,,,,,
